Type,Account,Item,Category,Amount,Date,,,
Transfer,Account 3,Investments,,2955.32,1/23/2026,,,
Deposit,Investments,Unimportant Item,,2500,5/13/2023,,,
Transfer,Account 3,Investments,,1249.21,8/2/2025,,,
Deposit,Account 1,Unimportant Item,,2909.33,5/31/2024,,,
Withdrawal,Investments,Unimportant Item,Misc,2546.42,5/25/2024,,,
Deposit,Account 3,Unimportant Item,,2300,11/29/2025,,,
Deposit,Account 2,Paycheck,,1324.49,2/23/2026,,,
Transfer,Account 2,Account 3,,1115.24,1/19/2025,,,
Transfer,Account 1,Account 3,,1684.09,4/18/2024,,,
Withdrawal,Account 2,Unimportant Item,,3025.16,7/6/2024,,,
Deposit,Account 2,Paycheck,,3062.35,7/31/2024,,,
Transfer,Account 2,Account 3,,1677.45,10/24/2025,,,
Deposit,Account 2,Paycheck,,871.01,4/24/2025,,,
Transfer,Account 2,Account 3,,1485.5,3/13/2026,,,
Transfer,Account 1,Investments,,800,7/3/2024,,,
Deposit,Account 2,Paycheck,,1272.16,3/16/2026,,,
Deposit,Account 2,Paycheck,,1225,11/16/2025,,,
Deposit,Account 2,Paycheck,,1191.76,6/6/2025,,,
Deposit,Account 2,Paycheck,,931.8,1/6/2026,,,
Deposit,Account 2,Paycheck,,628.02,12/18/2025,,,
Deposit,Account 2,Paycheck,,1136.17,12/10/2025,,,
Deposit,Account 3,Unimportant Item,,1100,10/8/2025,,,
Transfer,Account 1,Account 3,,1001.91,5/16/2024,,,
Credit Payment,Credit Payment,Unimportant Item,,995.66,2/24/2026,,,
Deposit,Account 2,Paycheck,,992.42,9/21/2025,,,
Withdrawal,Account 2,Unimportant Item,Shopping,982.9,8/3/2024,,,
Deposit,Account 2,Paycheck,,968.95,7/31/2025,,,
Transfer,Account 2,Account 3,,963.34,10/19/2025,,,
Deposit,Account 2,Paycheck,,936.17,6/29/2025,,,
Deposit,Account 2,Paycheck,,919.22,8/11/2025,,,
Deposit,Account 2,Paycheck,,912.38,9/30/2025,,,
Deposit,Account 2,Paycheck,,911.16,12/26/2024,,,
Transfer,Account 1,Investments,,899.96,6/4/2024,,,
Deposit,Investments,Unimportant Item,,896.19,5/21/2024,,,
Transfer,Account 3,Account 2,,880.74,7/9/2024,,,
Withdrawal,Account 2,Unimportant Item,Rent,874.44,4/25/2025,,,
Deposit,Account 2,Paycheck,,872.78,12/26/2024,,,
Transfer,Account 2,Account 3,,858.22,3/22/2025,,,
Deposit,Account 2,Paycheck,,854.01,8/25/2024,,,
Deposit,Account 2,Paycheck,,849.81,9/30/2024,,,
Transfer,Account 1,Account 2,,838.2,3/15/2024,,,
Deposit,Account 2,Paycheck,,822.6,9/14/2024,,,
Withdrawal,Credit Charge,Unimportant Item,,800,10/29/2025,,,
Deposit,Account 2,Paycheck,,797.49,11/10/2024,,,
Deposit,Account 2,Paycheck,,788.81,2/8/2025,,,
Transfer,Account 2,Account 3,,777.35,1/4/2026,,,
Deposit,Account 2,Paycheck,,774.81,8/15/2025,,,
Deposit,Account 2,Paycheck,,767.08,10/30/2024,,,
Deposit,Account 2,Paycheck,,749.44,10/6/2024,,,
Deposit,Account 2,Paycheck,,736.82,2/19/2026,,,
Deposit,Account 2,Paycheck,,699.89,2/5/2026,,,
Withdrawal,Account 2,Unimportant Item,Rent,696.05,9/28/2025,,,
Withdrawal,Account 2,Unimportant Item,Rent,681.78,1/1/2026,,,
Transfer,Account 2,Account 3,,663.7,5/22/2024,,,
Deposit,Account 2,Paycheck,,646.25,5/2/2025,,,
Deposit,Investments,Unimportant Item,,645.38,10/21/2023,,,
Deposit,Account 2,Paycheck,,628.12,1/8/2025,,,
Deposit,Account 2,Paycheck,,615.46,6/12/2025,,,
Deposit,Account 2,Paycheck,,607.52,3/28/2025,,,
Withdrawal,Account 2,Unimportant Item,Rent,583.83,7/4/2025,,,
Credit Payment,Credit Payment,Unimportant Item,,579.53,6/30/2025,,,
Deposit,Account 2,Paycheck,,579.34,11/1/2025,,,
Deposit,Account 2,Paycheck,,562.54,7/30/2025,,,
Deposit,Account 2,Paycheck,,559.09,4/30/2025,,,
Transfer,Investments,Account 2,,557.97,7/5/2024,,,
Withdrawal,Account 2,Unimportant Item,Rent,556.29,5/15/2025,,,
Deposit,Investments,Unimportant Item,,556.11,1/30/2024,,,
Deposit,Investments,Unimportant Item,,553.38,4/23/2024,,,
Deposit,Account 2,Paycheck,,529.28,7/9/2024,,,
Transfer,Account 2,Account 3,,513.14,2/9/2026,,,
Deposit,Account 2,Paycheck,,509.96,2/23/2025,,,
Deposit,Investments,Unimportant Item,,509.91,5/2/2024,,,
Withdrawal,Investments,Unimportant Item,Rent,504.16,11/30/2023,,,
Deposit,Investments,Unimportant Item,,493.76,1/31/2024,,,
Deposit,Account 2,Paycheck,,480.83,3/26/2025,,,
Withdrawal,Account 2,Unimportant Item,Rent,477.24,11/4/2025,,,
Deposit,Account 2,Paycheck,,475.62,2/20/2025,,,
Deposit,Account 1,Unimportant Item,,475.42,6/16/2023,,,
Withdrawal,Investments,Unimportant Item,Rent,473.06,1/6/2024,,,
Deposit,Investments,Unimportant Item,,470.24,3/9/2024,,,
Deposit,Account 2,Paycheck,,467.98,2/17/2026,,,
Transfer,Account 2,Account 3,,459.69,8/29/2025,,,
Withdrawal,Account 2,Unimportant Item,Rent,442.74,2/25/2026,,,
Deposit,Account 2,Paycheck,,438.43,9/29/2025,,,
Withdrawal,Investments,Unimportant Item,Rent,430.14,6/8/2024,,,
Credit Payment,Credit Payment,Unimportant Item,,429.18,10/28/2024,,,
Deposit,Investments,Unimportant Item,,426.62,11/29/2023,,,
Deposit,Account 2,Paycheck,,426.05,12/9/2024,,,
Withdrawal,Investments,Unimportant Item,Rent,424.82,10/14/2023,,,
Deposit,Account 1,Unimportant Item,,423.42,5/7/2024,,,
Deposit,Investments,Unimportant Item,,418.22,6/19/2024,,,
Credit Payment,Credit Payment,Unimportant Item,,404.67,11/30/2024,,,
Deposit,Account 3,Unimportant Item,,400,1/15/2026,,,
Deposit,Account 2,Paycheck,,395.32,4/5/2025,,,
Withdrawal,Investments,Unimportant Item,Rent,379.47,8/6/2024,,,
Credit Payment,Credit Payment,Unimportant Item,,378.94,12/14/2024,,,
Transfer,Account 3,Investments,,377.49,2/10/2026,,,
Transfer,Account 2,Account 3,,370.57,1/13/2026,,,
Withdrawal,Account 2,Unimportant Item,Rent,367.49,11/14/2025,,,
Deposit,Investments,Unimportant Item,,367.15,11/28/2023,,,
Deposit,Account 3,Unimportant Item,,360.59,3/28/2025,,,
Withdrawal,Investments,Unimportant Item,Rent,360.5,6/4/2024,,,
Deposit,Investments,Unimportant Item,,355.19,6/28/2024,,,
Withdrawal,Investments,Unimportant Item,Rent,350.03,4/2/2024,,,
Withdrawal,Account 2,Unimportant Item,Shopping,349.47,8/7/2024,,,
Withdrawal,Investments,Unimportant Item,Rent,347.94,6/10/2024,,,
Credit Payment,Credit Payment,Unimportant Item,,346.66,2/19/2026,,,
Transfer,Account 2,Account 3,,346.36,4/5/2025,,,
Withdrawal,Account 2,Unimportant Item,Rent,343.51,6/25/2025,,,
Transfer,Account 3,Investments,,337.71,9/4/2025,,,
Deposit,Account 1,Paycheck,,337.64,11/22/2023,,,
Withdrawal,Account 2,Unimportant Item,Rent,336.6,2/26/2025,,,
Withdrawal,Account 2,Unimportant Item,Rent,331.76,12/5/2024,,,
Transfer,Account 2,Account 3,,327.08,6/1/2025,,,
Deposit,Account 2,Paycheck,,322.1,7/2/2024,,,
Withdrawal,Investments,Unimportant Item,Rent,317.84,9/6/2023,,,
Withdrawal,Account 2,Unimportant Item,Rent,316.77,4/5/2026,,,
Withdrawal,Investments,Unimportant Item,Rent,314.66,8/17/2023,,,
Transfer,Account 2,Account 3,,309.98,11/15/2025,,,
Deposit,Account 2,Paycheck,,308.43,11/26/2024,,,
Transfer,Account 2,Account 3,,306.62,2/16/2026,,,
Credit Payment,Credit Payment,Unimportant Item,,303.1,9/18/2025,,,
Deposit,Account 1,Paycheck,,302.49,11/9/2023,,,
Withdrawal,Account 2,Unimportant Item,Rent,297.56,6/21/2024,,,
Deposit,Account 2,Paycheck,,297.41,12/30/2024,,,
Withdrawal,Account 2,Unimportant Item,Rent,291.34,7/27/2025,,,
Withdrawal,Account 2,Unimportant Item,Rent,290.95,8/1/2024,,,
Transfer,Account 2,Account 3,,287.71,5/25/2025,,,
Withdrawal,Account 2,Unimportant Item,Groceries,287.03,8/3/2024,,,
Credit Payment,Credit Payment,Unimportant Item,,284.05,2/27/2025,,,
Transfer,Account 1,Investments,,283.06,11/30/2023,,,
Credit Payment,Credit Payment,Unimportant Item,,273.33,1/16/2026,,,
Withdrawal,Account 2,Unimportant Item,Rent,272.88,1/3/2025,,,
Withdrawal,Investments,Unimportant Item,Rent,272.21,12/29/2023,,,
Transfer,Account 2,Account 3,,270.17,7/23/2025,,,
Deposit,Account 1,Paycheck,,269.55,10/31/2023,,,
Withdrawal,Account 2,Unimportant Item,Misc,268.95,7/4/2025,,,
Transfer,Account 2,Account 3,,267.17,4/20/2025,,,
Transfer,Account 2,Account 3,,265.6,5/16/2025,,,
Deposit,Account 1,Paycheck,,265.24,3/5/2024,,,
Credit Payment,Credit Payment,Unimportant Item,,264.55,4/11/2025,,,
Withdrawal,Account 2,Unimportant Item,Rent,261.77,10/8/2024,,,
Transfer,Account 2,Account 3,,259.54,3/22/2025,,,
Transfer,Account 2,Account 3,,257.08,8/21/2025,,,
Deposit,Account 2,Paycheck,,256.64,5/4/2024,,,
Withdrawal,Account 2,Unimportant Item,Rent,254.4,11/24/2024,,,
Deposit,Account 2,Unimportant Item,,252.18,8/28/2025,,,
Withdrawal,Credit Charge,Unimportant Item,Travel,249.2,11/12/2024,,,
Deposit,Investments,Unimportant Item,,249.15,8/14/2023,,,
Credit Payment,Credit Payment,Unimportant Item,,247.14,3/3/2026,,,
Transfer,Account 1,Investments,,245.03,2/19/2024,,,
Deposit,Account 1,Paycheck,,238.64,12/23/2023,,,
Withdrawal,Account 2,Unimportant Item,Rent,238.13,9/21/2024,,,
Transfer,Account 3,Investments,,233.75,2/27/2026,,,
Credit Payment,Credit Payment,Unimportant Item,,231.95,8/29/2025,,,
Withdrawal,Account 2,Unimportant Item,Rent,227.77,2/28/2025,,,
Deposit,Account 2,Paycheck,,226.4,4/21/2024,,,
Deposit,Investments,Unimportant Item,,225.89,7/7/2024,,,
Credit Payment,Credit Payment,Unimportant Item,,221.22,5/16/2025,,,
Deposit,Account 1,Paycheck,,221.22,8/24/2023,,,
Withdrawal,Account 2,Unimportant Item,Rent,219.88,7/23/2024,,,
Withdrawal,Credit Charge,Unimportant Item,Groceries,219.87,9/12/2024,,,
Deposit,Account 3,Unimportant Item,,218.5,3/5/2026,,,
Withdrawal,Account 2,Unimportant Item,Rent,216.56,9/7/2025,,,
Deposit,Investments,Unimportant Item,,213.71,3/7/2024,,,
Withdrawal,Investments,Unimportant Item,Rent,211.32,4/13/2024,,,
Deposit,Account 1,Paycheck,,208.36,7/28/2023,,,
Deposit,Account 2,Unimportant Item,,206.39,12/13/2025,,,
Withdrawal,Account 2,Unimportant Item,Rent,205.86,5/30/2025,,,
Deposit,Account 1,Paycheck,,205.49,12/5/2023,,,
Credit Payment,Credit Payment,Unimportant Item,,204.29,12/17/2025,,,
Transfer,Account 3,Investments,,202.29,1/27/2026,,,
Deposit,Account 2,Paycheck,,201.87,4/22/2024,,,
Deposit,Account 1,Paycheck,,201.35,12/19/2023,,,
Transfer,Account 2,Account 3,,201.23,2/18/2026,,,
Credit Payment,Credit Payment,Unimportant Item,,197,3/21/2026,,,
Withdrawal,Investments,Unimportant Item,Rent,194.78,2/12/2024,,,
Withdrawal,Account 2,Unimportant Item,Rent,194.63,12/4/2025,,,
Credit Payment,Credit Payment,Unimportant Item,,194.56,8/14/2025,,,
Credit Payment,Credit Payment,Unimportant Item,,194.38,8/24/2025,,,
Withdrawal,Credit Charge,Unimportant Item,Travel,192.91,9/4/2025,,,
Transfer,Account 1,Investments,,191.66,7/5/2024,,,
Credit Payment,Credit Payment,Unimportant Item,,187.38,6/21/2025,,,
Transfer,Account 2,Account 3,,186.97,11/23/2025,,,
Withdrawal,Investments,Unimportant Item,Misc,186.89,3/22/2024,,,
Deposit,Account 1,Paycheck,,180.22,2/9/2024,,,
Deposit,Account 2,Paycheck,,179.34,4/9/2024,,,
Transfer,Account 2,Account 3,,179.3,9/30/2025,,,
Credit Payment,Credit Payment,Unimportant Item,,173.98,8/28/2024,,,
Deposit,Investments,Unimportant Item,,172.95,3/20/2024,,,
Deposit,Account 2,Unimportant Item,,172.74,3/6/2026,,,
Deposit,Investments,Unimportant Item,,172.6,9/8/2023,,,
Deposit,Account 3,Unimportant Item,,171.86,4/7/2025,,,
Transfer,Account 1,Investments,,168.72,1/18/2024,,,
Deposit,Account 1,Paycheck,,168.47,7/14/2023,,,
Transfer,Account 2,Account 3,,160.65,1/6/2026,,,
Deposit,Account 1,Paycheck,,158.06,9/11/2023,,,
Transfer,Account 3,Investments,,157.72,2/15/2026,,,
Deposit,Account 1,Paycheck,,155.78,8/22/2023,,,
Credit Payment,Credit Payment,Unimportant Item,,153.74,11/15/2025,,,
Withdrawal,Credit Charge,Unimportant Item,Health,153.39,8/31/2024,,,
Withdrawal,Investments,Unimportant Item,Shopping,152.8,2/22/2024,,,
Withdrawal,Account 2,Unimportant Item,Groceries,151.36,7/13/2024,,,
Deposit,Account 1,Paycheck,,148.23,11/2/2023,,,
Withdrawal,Account 2,Unimportant Item,Groceries,143.37,8/1/2024,,,
Deposit,Account 2,Paycheck,,141.87,6/1/2024,,,
Deposit,Account 1,Paycheck,,140.57,3/20/2024,,,
Withdrawal,Account 2,Unimportant Item,Gifts,140.47,6/13/2025,,,
Credit Payment,Credit Payment,Unimportant Item,,138.72,2/8/2026,,,
Credit Payment,Credit Payment,Unimportant Item,,135.63,1/31/2025,,,
Deposit,Investments,Unimportant Item,,134.23,10/17/2025,,,
Credit Payment,Credit Payment,Unimportant Item,,133.41,8/16/2025,,,
Withdrawal,Credit Charge,Unimportant Item,Entertainment,130.74,12/6/2024,,,
Withdrawal,Credit Charge,Unimportant Item,Misc,123.58,3/4/2026,,,
Withdrawal,Credit Charge,Unimportant Item,Misc,120.52,9/25/2024,,,
Deposit,Account 1,Paycheck,,118.41,8/26/2023,,,
Credit Payment,Credit Payment,Unimportant Item,,116.65,3/2/2025,,,
Transfer,Investments,Account 2,,115.52,1/15/2026,,,
Withdrawal,Investments,Unimportant Item,Entertainment,115.35,11/22/2023,,,
Credit Payment,Credit Payment,Unimportant Item,,115.34,9/20/2025,,,
Withdrawal,Account 2,Unimportant Item,Shopping,113.36,7/21/2024,,,
Credit Payment,Credit Payment,Unimportant Item,,109.76,12/4/2025,,,
Withdrawal,Investments,Unimportant Item,Travel,108.57,12/28/2023,,,
Withdrawal,Account 2,Unimportant Item,Rent,106,6/24/2024,,,
Deposit,Account 1,Paycheck,,105.9,9/9/2023,,,
Withdrawal,Credit Charge,Unimportant Item,Gifts,104.28,9/21/2025,,,
Credit Payment,Credit Payment,Unimportant Item,,102.29,12/27/2025,,,
Deposit,Account 1,Unimportant Item,,102.1,3/2/2024,,,
Transfer,Account 1,Investments,,101.94,12/27/2024,,,
Deposit,Account 1,Paycheck,,98.25,1/13/2024,,,
Deposit,Account 1,Paycheck,,96.35,10/15/2023,,,
Withdrawal,Account 2,Unimportant Item,Utilities,94.86,9/1/2025,,,
Deposit,Account 1,Paycheck,,92.98,9/21/2023,,,
Withdrawal,Credit Charge,Unimportant Item,Health,92.57,2/2/2026,,,
Deposit,Account 1,Paycheck,,92.57,10/15/2023,,,
Transfer,Account 1,Investments,,91.66,12/18/2023,,,
Withdrawal,Account 2,Unimportant Item,Groceries,90.72,8/22/2024,,,
Transfer,Account 1,Account 2,,89.72,1/18/2026,,,
Credit Payment,Credit Payment,Unimportant Item,,87.4,10/16/2025,,,
Withdrawal,Account 2,Unimportant Item,Utilities,86.45,9/23/2024,,,
Deposit,Investments,Unimportant Item,,85.88,1/21/2024,,,
Transfer,Account 1,Investments,,84.03,9/7/2023,,,
Transfer,Account 2,Account 3,,83.55,10/10/2025,,,
Withdrawal,Credit Charge,Unimportant Item,Health,83.16,2/15/2026,,,
Withdrawal,Credit Charge,Unimportant Item,Travel,83.07,2/6/2025,,,
Withdrawal,Investments,Unimportant Item,Misc,82.9,12/31/2023,,,
Deposit,Investments,Unimportant Item,,79.61,3/10/2024,,,
Withdrawal,Investments,Unimportant Item,Travel,79.28,1/21/2024,,,
Withdrawal,Account 2,Unimportant Item,Rent,78,5/24/2025,,,
Deposit,Account 1,Paycheck,,77.68,10/14/2023,,,
Withdrawal,Credit Charge,Unimportant Item,Groceries,77.04,3/28/2025,,,
Withdrawal,Account 2,Unimportant Item,Groceries,76.45,7/23/2024,,,
Withdrawal,Credit Charge,Unimportant Item,Health,74.97,3/18/2026,,,
Withdrawal,Account 2,Unimportant Item,Groceries,74.19,1/30/2025,,,
Withdrawal,Credit Charge,Unimportant Item,Gas,73.23,7/23/2025,,,
Transfer,Investments,Account 3,,72.28,12/6/2024,,,
Withdrawal,Credit Charge,Unimportant Item,Shopping,71.33,2/4/2026,,,
Transfer,Account 2,Account 3,,71.02,12/13/2025,,,
Withdrawal,Investments,Unimportant Item,Shopping,70.98,12/12/2023,,,
Deposit,Account 1,Paycheck,,69.03,2/16/2024,,,
Deposit,Investments,Unimportant Item,,69,9/7/2024,,,
Withdrawal,Account 2,Unimportant Item,Groceries,68.98,8/15/2025,,,
Withdrawal,Credit Charge,Unimportant Item,Groceries,68.46,11/3/2024,,,
Deposit,Investments,Unimportant Item,,68.45,11/16/2023,,,
Transfer,Account 1,Investments,,68.27,3/1/2024,,,
Deposit,Investments,Unimportant Item,,68.04,9/19/2023,,,
Withdrawal,Investments,Unimportant Item,Entertainment,67.07,11/30/2023,,,
Deposit,Investments,Unimportant Item,,66.56,9/6/2023,,,
Withdrawal,Investments,Unimportant Item,Groceries,65.73,7/29/2024,,,
Withdrawal,Account 2,Unimportant Item,Utilities,64.96,3/11/2026,,,
Withdrawal,Account 2,Unimportant Item,Utilities,64.61,10/28/2025,,,
Withdrawal,Credit Charge,Unimportant Item,Groceries,64.18,10/2/2025,,,
Transfer,Investments,Account 3,,63.94,11/17/2024,,,
Withdrawal,Account 2,Unimportant Item,Utilities,63.77,3/6/2025,,,
Withdrawal,Account 2,Unimportant Item,Utilities,61.35,12/31/2024,,,
Withdrawal,Credit Charge,Unimportant Item,Groceries,60.96,4/26/2025,,,
Withdrawal,Credit Charge,Unimportant Item,Groceries,60.91,5/22/2025,,,
Transfer,Account 1,Investments,,60.75,1/5/2024,,,
Withdrawal,Credit Charge,Unimportant Item,Travel,60.2,8/31/2025,,,
Withdrawal,Credit Charge,Unimportant Item,Gifts,60.06,1/2/2025,,,
Deposit,Account 2,Unimportant Item,,59.77,7/5/2024,,,
Withdrawal,Investments,Unimportant Item,Shopping,59.64,8/29/2023,,,
Transfer,Account 1,Investments,,59.51,12/30/2023,,,
Deposit,Investments,Unimportant Item,,57.77,8/17/2023,,,
Withdrawal,Credit Charge,Unimportant Item,Gas,57.62,5/30/2025,,,
Withdrawal,Investments,Unimportant Item,Misc,56.89,4/1/2024,,,
Withdrawal,Credit Charge,Unimportant Item,Misc,56.88,9/10/2024,,,
Withdrawal,Credit Charge,Unimportant Item,Groceries,56.69,4/10/2025,,,
Deposit,Investments,Unimportant Item,,56.15,10/10/2024,,,
Withdrawal,Credit Charge,Unimportant Item,Travel,56.07,1/27/2025,,,
Deposit,Account 2,Unimportant Item,,55.61,3/14/2026,,,
Withdrawal,Account 2,Unimportant Item,Misc,54.97,6/1/2024,,,
Deposit,Investments,Unimportant Item,,53.83,8/27/2023,,,
Withdrawal,Account 2,Unimportant Item,Misc,53.82,7/26/2024,,,
Withdrawal,Account 2,Unimportant Item,Utilities,53.78,6/27/2025,,,
Withdrawal,Account 2,Unimportant Item,Utilities,53.68,2/20/2025,,,
Deposit,Investments,Unimportant Item,,53.66,12/20/2023,,,
Withdrawal,Investments,Unimportant Item,Gas,53.64,8/13/2023,,,
Deposit,Account 2,Unimportant Item,,52.7,2/5/2026,,,
Withdrawal,Account 2,Unimportant Item,Gas,52.46,2/4/2025,,,
Transfer,Account 1,Investments,,52.4,12/19/2023,,,
Transfer,Account 1,Investments,,52.19,9/2/2023,,,
Deposit,Investments,Unimportant Item,,52.18,4/30/2024,,,
Transfer,Account 1,Investments,,52.12,12/31/2023,,,
Withdrawal,Investments,Unimportant Item,Groceries,52.06,12/15/2023,,,
Deposit,Investments,Unimportant Item,,51.74,6/4/2024,,,
Deposit,Investments,Unimportant Item,,51.03,4/16/2024,,,
Withdrawal,Investments,Unimportant Item,Entertainment,50.99,11/26/2023,,,
Withdrawal,Account 2,Unimportant Item,Utilities,50.77,1/6/2025,,,
Withdrawal,Credit Charge,Unimportant Item,Groceries,50.76,11/7/2025,,,
Withdrawal,Credit Charge,Unimportant Item,Gas,50.75,4/22/2025,,,
Deposit,Account 3,Unimportant Item,,50.28,8/20/2025,,,
Withdrawal,Account 2,Unimportant Item,Groceries,50.22,12/21/2024,,,
Withdrawal,Account 2,Unimportant Item,Utilities,50.09,2/21/2026,,,
Transfer,Investments,Account 1,,49.86,8/30/2023,,,
Withdrawal,Account 2,Unimportant Item,Utilities,49.45,3/11/2026,,,
Withdrawal,Investments,Unimportant Item,Misc,49.09,9/29/2023,,,
Deposit,Investments,Unimportant Item,,49.09,5/24/2024,,,
Deposit,Investments,Unimportant Item,,48.88,7/18/2025,,,
Deposit,Investments,Unimportant Item,,48.57,10/21/2023,,,
Withdrawal,Account 2,Unimportant Item,Utilities,48.14,2/3/2025,,,
Withdrawal,Credit Charge,Unimportant Item,Dining,48.14,11/13/2025,,,
Withdrawal,Investments,Unimportant Item,Entertainment,47.82,11/26/2023,,,
Transfer,Account 1,Investments,,47.79,11/15/2023,,,
Withdrawal,Investments,Unimportant Item,Entertainment,47.73,12/19/2023,,,
Withdrawal,Account 2,Unimportant Item,Utilities,47.46,9/8/2025,,,
Withdrawal,Account 2,Unimportant Item,Utilities,47.25,1/18/2026,,,
Withdrawal,Account 2,Unimportant Item,Utilities,46.94,8/2/2025,,,
Withdrawal,Investments,Unimportant Item,Shopping,46.79,3/20/2024,,,
Withdrawal,Credit Charge,Unimportant Item,Groceries,46.19,2/5/2025,,,
Withdrawal,Investments,Unimportant Item,Entertainment,46.02,12/16/2023,,,
Withdrawal,Account 2,Unimportant Item,Misc,45.81,7/19/2024,,,
Transfer,Account 1,Investments,,45.21,1/4/2024,,,
Withdrawal,Investments,Unimportant Item,Misc,45.11,1/15/2024,,,
Deposit,Investments,Unimportant Item,,45.07,2/3/2024,,,
Withdrawal,Investments,Unimportant Item,Misc,44.96,1/23/2024,,,
Withdrawal,Credit Charge,Unimportant Item,Groceries,44.62,2/9/2026,,,
Credit Payment,Credit Payment,Unimportant Item,,44.37,2/26/2026,,,
Withdrawal,Investments,Unimportant Item,Gifts,44.13,12/30/2023,,,
Deposit,Investments,Unimportant Item,,44.11,8/22/2024,,,
Withdrawal,Credit Charge,Unimportant Item,Groceries,43.52,12/6/2025,,,
Withdrawal,Credit Charge,Unimportant Item,Shopping,43.29,10/7/2024,,,
Deposit,Investments,Unimportant Item,,43.17,2/18/2024,,,
Credit Payment,Credit Payment,Unimportant Item,,43.14,11/19/2025,,,
Withdrawal,Account 2,Unimportant Item,Shopping,42.81,8/11/2024,,,
Withdrawal,Credit Charge,Unimportant Item,Groceries,42.79,4/7/2025,,,
Withdrawal,Credit Charge,Unimportant Item,Groceries,42.73,2/13/2026,,,
Withdrawal,Account 2,Unimportant Item,Groceries,42.4,8/30/2024,,,
Withdrawal,Account 2,Unimportant Item,Shopping,42.38,7/3/2024,,,
Deposit,Account 2,Unimportant Item,,42.32,8/4/2025,,,
Deposit,Investments,Unimportant Item,,42.31,8/1/2023,,,
Deposit,Investments,Unimportant Item,,42.12,10/2/2023,,,
Deposit,Account 1,Paycheck,,42.05,10/20/2023,,,
Withdrawal,Credit Charge,Unimportant Item,Gas,41.71,10/10/2025,,,
Withdrawal,Account 2,Unimportant Item,Gifts,41.66,12/17/2024,,,
Deposit,Account 2,Unimportant Item,,41.66,10/3/2025,,,
Withdrawal,Account 2,Unimportant Item,Gifts,41.6,6/29/2025,,,
Withdrawal,Credit Charge,Unimportant Item,Groceries,41.6,8/11/2025,,,
Withdrawal,Investments,Unimportant Item,Gas,41.47,8/5/2023,,,
Withdrawal,Credit Charge,Unimportant Item,Misc,41.27,8/2/2025,,,
Withdrawal,Investments,Unimportant Item,Misc,40.4,3/11/2025,,,
Transfer,Account 1,Investments,,40.3,1/11/2024,,,
Withdrawal,Investments,Unimportant Item,Dining,40.07,6/2/2024,,,
Transfer,Account 3,Investments,,39.7,2/16/2026,,,
Withdrawal,Account 2,Unimportant Item,Utilities,39.67,3/5/2025,,,
Transfer,Account 1,Investments,,39.14,12/21/2023,,,
Deposit,Account 2,Unimportant Item,,38.63,10/2/2025,,,
Withdrawal,Account 2,Unimportant Item,Utilities,38.54,12/18/2024,,,
Withdrawal,Credit Charge,Unimportant Item,Groceries,38.49,9/27/2025,,,
Withdrawal,Account 2,Unimportant Item,Entertainment,38.41,11/26/2024,,,
Deposit,Investments,Unimportant Item,,38.32,11/26/2023,,,
Withdrawal,Account 2,Unimportant Item,Utilities,38.2,9/25/2025,,,
Withdrawal,Account 2,Unimportant Item,Utilities,38.11,7/30/2025,,,
Withdrawal,Account 2,Unimportant Item,Utilities,37.91,10/27/2024,,,
Withdrawal,Credit Charge,Unimportant Item,Shopping,37.88,8/10/2024,,,
Deposit,Investments,Unimportant Item,,37.83,9/11/2023,,,
Withdrawal,Credit Charge,Unimportant Item,Travel,37.57,7/25/2025,,,
Deposit,Investments,Unimportant Item,,37.57,10/5/2023,,,
Withdrawal,Account 2,Unimportant Item,Utilities,37.24,2/2/2026,,,
Withdrawal,Investments,Unimportant Item,Gas,36.68,11/2/2023,,,
Withdrawal,Account 2,Unimportant Item,Groceries,36.58,6/4/2024,,,
Withdrawal,Credit Charge,Unimportant Item,Gifts,36.54,12/18/2024,,,
Withdrawal,Credit Charge,Unimportant Item,Gas,36.47,11/18/2024,,,
Withdrawal,Credit Charge,Unimportant Item,Gas,36.39,2/4/2026,,,
Deposit,Investments,Unimportant Item,,36.33,2/17/2024,,,
Withdrawal,Credit Charge,Unimportant Item,Travel,36.27,7/15/2025,,,
Withdrawal,Credit Charge,Unimportant Item,Groceries,35.75,3/1/2026,,,
Withdrawal,Investments,Unimportant Item,Shopping,35.53,2/19/2024,,,
Withdrawal,Credit Charge,Unimportant Item,Groceries,35.52,8/21/2025,,,
Withdrawal,Credit Charge,Unimportant Item,Groceries,35.43,5/23/2025,,,
Withdrawal,Account 2,Unimportant Item,Groceries,35.2,7/23/2024,,,
Withdrawal,Credit Charge,Unimportant Item,Groceries,35.19,6/30/2025,,,
Transfer,Account 1,Investments,,34.81,9/13/2023,,,
Withdrawal,Account 2,Unimportant Item,Gifts,34.78,7/24/2025,,,
Deposit,Investments,Unimportant Item,,34.57,12/31/2023,,,
Deposit,Investments,Unimportant Item,,34.44,2/8/2024,,,
Withdrawal,Investments,Unimportant Item,Groceries,34.37,4/27/2024,,,
Withdrawal,Credit Charge,Unimportant Item,Gifts,34.28,12/30/2024,,,
Deposit,Account 2,Paycheck,,34.23,4/15/2025,,,
Withdrawal,Account 2,Unimportant Item,Utilities,34.2,12/1/2024,,,
Credit Payment,Credit Payment,Unimportant Item,,34.05,8/2/2025,,,
Withdrawal,Credit Charge,Unimportant Item,Misc,34.02,2/26/2026,,,
Withdrawal,Account 2,Unimportant Item,Utilities,34.01,12/8/2025,,,
Transfer,Account 1,Investments,,34,9/30/2023,,,
Withdrawal,Credit Charge,Unimportant Item,Groceries,33.97,11/4/2025,,,
Withdrawal,Investments,Unimportant Item,Travel,33.84,1/5/2024,,,
Withdrawal,Credit Charge,Unimportant Item,Gifts,33.81,1/20/2026,,,
Withdrawal,Account 2,Unimportant Item,Utilities,33.6,9/23/2024,,,
Deposit,Investments,Unimportant Item,,33.33,10/10/2023,,,
Withdrawal,Account 2,Unimportant Item,Utilities,32.75,5/4/2025,,,
Withdrawal,Account 2,Unimportant Item,Utilities,32.69,6/6/2025,,,
Withdrawal,Account 2,Unimportant Item,Utilities,32.64,1/4/2026,,,
Withdrawal,Account 2,Unimportant Item,Utilities,32.41,10/4/2025,,,
Withdrawal,Account 2,Unimportant Item,Utilities,32.39,11/20/2024,,,
Withdrawal,Credit Charge,Unimportant Item,Gas,32.26,8/21/2025,,,
Deposit,Account 3,Unimportant Item,,32.26,2/19/2026,,,
Withdrawal,Account 2,Unimportant Item,Utilities,32.24,10/17/2025,,,
Deposit,Investments,Unimportant Item,,32.05,10/14/2023,,,
Withdrawal,Investments,Unimportant Item,Gas,32.02,12/15/2023,,,
Withdrawal,Credit Charge,Unimportant Item,Groceries,31.87,11/13/2024,,,
Withdrawal,Credit Charge,Unimportant Item,Groceries,31.53,11/24/2025,,,
Withdrawal,Investments,Unimportant Item,Gas,31.49,5/21/2024,,,
Withdrawal,Account 2,Unimportant Item,Utilities,30.91,9/15/2024,,,
Withdrawal,Credit Charge,Unimportant Item,Groceries,30.86,3/17/2026,,,
Transfer,Investments,Account 3,,30.85,9/20/2025,,,
Withdrawal,Credit Charge,Unimportant Item,Travel,30.54,7/24/2025,,,
Withdrawal,Credit Charge,Unimportant Item,Shopping,30.52,4/23/2025,,,
Deposit,Account 3,Unimportant Item,,30.46,12/13/2025,,,
Withdrawal,Credit Charge,Unimportant Item,Dining,30.31,8/27/2025,,,
Withdrawal,Credit Charge,Unimportant Item,Misc,30.3,9/12/2024,,,
Withdrawal,Account 2,Unimportant Item,Utilities,29.94,1/14/2026,,,
Deposit,Investments,Unimportant Item,,29.93,9/1/2023,,,
Withdrawal,Investments,Unimportant Item,Entertainment,29.87,6/1/2024,,,
Withdrawal,Investments,Unimportant Item,Travel,29.82,12/24/2023,,,
Deposit,Investments,Unimportant Item,,29.56,12/18/2023,,,
Withdrawal,Credit Charge,Unimportant Item,Travel,29.48,7/13/2025,,,
Withdrawal,Account 2,Unimportant Item,Gas,29.35,8/7/2024,,,
Withdrawal,Account 2,Unimportant Item,Gas,29.32,2/15/2025,,,
Withdrawal,Account 2,Unimportant Item,Gas,29.3,7/24/2024,,,
Deposit,Investments,Unimportant Item,,29.22,11/14/2023,,,
Withdrawal,Account 2,Unimportant Item,Utilities,28.95,5/25/2025,,,
Withdrawal,Investments,Unimportant Item,Shopping,28.94,9/27/2023,,,
Withdrawal,Investments,Unimportant Item,Misc,28.8,11/8/2023,,,
Withdrawal,Account 2,Unimportant Item,Gas,28.75,6/24/2024,,,
Withdrawal,Investments,Unimportant Item,Misc,28.74,1/22/2024,,,
Withdrawal,Credit Charge,Unimportant Item,Travel,28.72,1/17/2025,,,
Withdrawal,Investments,Unimportant Item,Gas,28.69,8/14/2023,,,
Deposit,Investments,Unimportant Item,,28.57,4/29/2024,,,
Withdrawal,Investments,Unimportant Item,Entertainment,28.33,10/6/2023,,,
Withdrawal,Account 2,Unimportant Item,Utilities,28.32,2/12/2026,,,
Deposit,Investments,Unimportant Item,,28.26,2/17/2024,,,
Withdrawal,Investments,Unimportant Item,Shopping,28.1,3/29/2024,,,
Withdrawal,Account 2,Unimportant Item,Utilities,27.85,4/24/2025,,,
Deposit,Account 1,Unimportant Item,,27.69,1/30/2024,,,
Withdrawal,Credit Charge,Unimportant Item,Gas,27.61,3/20/2025,,,
Credit Payment,Credit Payment,Unimportant Item,,27.46,1/8/2026,,,
Withdrawal,Investments,Unimportant Item,Groceries,27.41,2/6/2024,,,
Withdrawal,Investments,Unimportant Item,Misc,27.16,8/2/2023,,,
Withdrawal,Account 2,Unimportant Item,Utilities,27.16,8/15/2024,,,
Withdrawal,Account 2,Unimportant Item,Groceries,27.16,1/11/2025,,,
Withdrawal,Credit Charge,Unimportant Item,Entertainment,26.97,1/3/2026,,,
Withdrawal,Investments,Unimportant Item,Groceries,26.91,1/14/2024,,,
Withdrawal,Investments,Unimportant Item,Gifts,26.76,1/4/2024,,,
Withdrawal,Investments,Unimportant Item,Entertainment,26.71,11/21/2023,,,
Withdrawal,Credit Charge,Unimportant Item,Groceries,26.69,8/28/2025,,,
Transfer,Account 3,Investments,,26.68,2/22/2026,,,
Withdrawal,Credit Charge,Unimportant Item,Shopping,26.64,7/5/2025,,,
Withdrawal,Credit Charge,Unimportant Item,Shopping,26.63,10/10/2025,,,
Transfer,Account 1,Investments,,26.51,1/13/2024,,,
Withdrawal,Investments,Unimportant Item,Groceries,26.38,11/7/2023,,,
Withdrawal,Investments,Unimportant Item,Groceries,26.3,9/16/2023,,,
Withdrawal,Credit Charge,Unimportant Item,Gas,26.26,12/2/2025,,,
Withdrawal,Investments,Unimportant Item,Groceries,26.15,3/27/2024,,,
Withdrawal,Account 2,Unimportant Item,Misc,26.06,7/3/2024,,,
Withdrawal,Credit Charge,Unimportant Item,Gas,26.06,3/9/2026,,,
Withdrawal,Account 2,Unimportant Item,Groceries,25.94,7/29/2024,,,
Withdrawal,Account 2,Unimportant Item,Utilities,25.93,1/30/2026,,,
Withdrawal,Credit Charge,Unimportant Item,Shopping,25.9,8/23/2024,,,
Transfer,Account 1,Investments,,25.85,6/17/2024,,,
Transfer,Investments,Account 1,,25.73,11/30/2023,,,
Transfer,Account 1,Investments,,25.48,11/22/2024,,,
Withdrawal,Account 2,Unimportant Item,Utilities,25.44,1/2/2025,,,
Withdrawal,Investments,Unimportant Item,Entertainment,25.31,11/27/2023,,,
Withdrawal,Account 2,Unimportant Item,Utilities,25.16,7/13/2025,,,
Withdrawal,Credit Charge,Unimportant Item,Gas,25.09,1/6/2025,,,
Withdrawal,Credit Charge,Unimportant Item,Gas,24.95,5/23/2025,,,
Transfer,Account 3,Account 2,,24.84,5/30/2024,,,
Withdrawal,Account 2,Unimportant Item,Utilities,24.76,11/17/2024,,,
Withdrawal,Credit Charge,Unimportant Item,Gas,24.66,1/11/2026,,,
Withdrawal,Account 2,Unimportant Item,Utilities,24.52,5/6/2025,,,
Withdrawal,Investments,Unimportant Item,Gas,24.51,1/30/2024,,,
Credit Payment,Credit Payment,Unimportant Item,,24.47,10/6/2024,,,
Withdrawal,Credit Charge,Unimportant Item,Groceries,24.36,4/19/2025,,,
Withdrawal,Investments,Unimportant Item,Shopping,24.26,9/23/2023,,,
Withdrawal,Credit Charge,Unimportant Item,Travel,24.2,2/3/2025,,,
Withdrawal,Account 2,Unimportant Item,Misc,24.15,6/17/2024,,,
Withdrawal,Credit Charge,Unimportant Item,Groceries,24.1,11/19/2025,,,
Withdrawal,Account 2,Unimportant Item,Utilities,23.87,10/16/2024,,,
Deposit,Investments,Unimportant Item,,23.83,9/28/2025,,,
Transfer,Account 1,Investments,,23.78,5/2/2024,,,
Withdrawal,Credit Charge,Unimportant Item,Gifts,23.71,1/4/2026,,,
Withdrawal,Account 2,Unimportant Item,Health,23.7,2/22/2026,,,
Withdrawal,Credit Charge,Unimportant Item,Gas,23.69,8/16/2025,,,
Withdrawal,Investments,Unimportant Item,Travel,23.62,9/20/2024,,,
Withdrawal,Account 2,Unimportant Item,Utilities,23.57,3/30/2026,,,
Withdrawal,Account 2,Unimportant Item,Utilities,23.31,11/24/2025,,,
Withdrawal,Credit Charge,Unimportant Item,Gas,23.28,5/18/2025,,,
Withdrawal,Investments,Unimportant Item,Travel,23.23,1/19/2024,,,
Withdrawal,Investments,Unimportant Item,Groceries,23.18,9/12/2023,,,
Withdrawal,Account 2,Unimportant Item,Utilities,23.18,5/26/2025,,,
Deposit,Account 3,Unimportant Item,,23.12,1/31/2026,,,
Withdrawal,Credit Charge,Unimportant Item,Gifts,23.04,1/1/2026,,,
Deposit,Investments,Unimportant Item,,22.95,9/2/2023,,,
Withdrawal,Investments,Unimportant Item,Entertainment,22.92,11/9/2023,,,
Withdrawal,Credit Charge,Unimportant Item,Shopping,22.92,9/15/2025,,,
Withdrawal,Credit Charge,Unimportant Item,Misc,22.85,11/5/2025,,,
Withdrawal,Account 2,Unimportant Item,Travel,22.83,10/28/2024,,,
Withdrawal,Credit Charge,Unimportant Item,Groceries,22.8,6/27/2025,,,
Withdrawal,Investments,Unimportant Item,Gifts,22.68,1/14/2024,,,
Withdrawal,Investments,Unimportant Item,Misc,22.66,9/7/2023,,,
Withdrawal,Credit Charge,Unimportant Item,Groceries,22.63,3/17/2025,,,
Withdrawal,Account 2,Unimportant Item,Health,22.52,8/12/2025,,,
Withdrawal,Account 2,Unimportant Item,Health,22.51,8/7/2025,,,
Deposit,Account 3,Unimportant Item,,22.5,7/18/2025,,,
Withdrawal,Credit Charge,Unimportant Item,Groceries,22.38,10/31/2025,,,
Deposit,Investments,Unimportant Item,,22.28,10/7/2023,,,
Withdrawal,Account 2,Unimportant Item,Gas,22.24,12/19/2024,,,
Withdrawal,Account 2,Unimportant Item,Health,22.19,8/4/2025,,,
Withdrawal,Account 2,Unimportant Item,Gas,22.13,7/8/2024,,,
Deposit,Account 3,Unimportant Item,,21.94,10/2/2025,,,
Withdrawal,Credit Charge,Unimportant Item,Travel,21.91,7/18/2025,,,
Withdrawal,Investments,Unimportant Item,Shopping,21.88,9/9/2023,,,
Withdrawal,Credit Charge,Unimportant Item,Shopping,21.82,8/16/2025,,,
Withdrawal,Credit Charge,Unimportant Item,Gas,21.75,9/13/2025,,,
Withdrawal,Investments,Unimportant Item,Entertainment,21.67,11/20/2023,,,
Withdrawal,Credit Charge,Unimportant Item,Gas,21.53,9/12/2024,,,
Deposit,Investments,Unimportant Item,,21.45,12/15/2023,,,
Withdrawal,Investments,Unimportant Item,Entertainment,21.43,4/29/2024,,,
Withdrawal,Credit Charge,Unimportant Item,Gifts,21.38,12/27/2025,,,
Deposit,Account 2,Unimportant Item,,21.31,9/7/2024,,,
Withdrawal,Account 2,Unimportant Item,Groceries,21.27,7/8/2025,,,
Withdrawal,Investments,Unimportant Item,Gas,21.21,12/28/2023,,,
Withdrawal,Account 2,Unimportant Item,Health,21.2,11/27/2025,,,
Withdrawal,Investments,Unimportant Item,Gas,21.19,9/20/2023,,,
Withdrawal,Investments,Unimportant Item,Dining,21.19,1/18/2024,,,
Withdrawal,Investments,Unimportant Item,Gas,21.11,3/26/2024,,,
Deposit,Account 1,Unimportant Item,,21.11,12/4/2023,,,
Withdrawal,Credit Charge,Unimportant Item,Groceries,21.03,4/16/2025,,,
Transfer,Account 1,Investments,,20.93,1/18/2024,,,
Withdrawal,Account 2,Unimportant Item,Travel,20.79,10/10/2024,,,
Withdrawal,Account 2,Unimportant Item,Gas,20.77,7/6/2024,,,
Withdrawal,Account 2,Unimportant Item,Utilities,20.75,5/17/2025,,,
Withdrawal,Account 2,Unimportant Item,Travel,20.74,9/24/2024,,,
Withdrawal,Account 2,Unimportant Item,Travel,20.73,10/8/2024,,,
Withdrawal,Credit Charge,Unimportant Item,Dining,20.66,5/5/2025,,,
Deposit,Investments,Unimportant Item,,20.43,9/22/2023,,,
Withdrawal,Credit Charge,Unimportant Item,Shopping,20.41,7/17/2025,,,
Withdrawal,Investments,Unimportant Item,Groceries,20.33,8/22/2023,,,
Withdrawal,Credit Charge,Unimportant Item,Gas,20.33,2/1/2026,,,
Withdrawal,Credit Charge,Unimportant Item,Travel,20.12,7/16/2025,,,
Withdrawal,Credit Charge,Unimportant Item,Gas,20.09,3/10/2025,,,
Withdrawal,Account 1,Unimportant Item,Gifts,20.08,6/30/2024,,,
Withdrawal,Credit Charge,Unimportant Item,Misc,20.03,3/1/2026,,,
Withdrawal,Investments,Unimportant Item,Groceries,19.95,3/16/2024,,,
Withdrawal,Investments,Unimportant Item,Travel,19.92,12/27/2023,,,
Withdrawal,Credit Charge,Unimportant Item,Gas,19.91,9/11/2024,,,
Withdrawal,Investments,Unimportant Item,Misc,19.82,9/28/2023,,,
Withdrawal,Credit Charge,Unimportant Item,Groceries,19.75,10/22/2025,,,
Withdrawal,Investments,Unimportant Item,Entertainment,19.64,11/10/2023,,,
Transfer,Account 1,Investments,,19.57,1/4/2024,,,
Withdrawal,Investments,Unimportant Item,Gas,19.56,12/23/2023,,,
Withdrawal,Account 2,Unimportant Item,Gas,19.56,8/4/2024,,,
Credit Payment,Credit Payment,Unimportant Item,,19.47,2/17/2026,,,
Deposit,Investments,Unimportant Item,,19.32,5/28/2024,,,
Withdrawal,Account 2,Unimportant Item,Groceries,19.31,2/2/2025,,,
Withdrawal,Credit Charge,Unimportant Item,Gas,19.29,7/22/2025,,,
Deposit,Account 3,Unimportant Item,,19.26,3/5/2026,,,
Withdrawal,Credit Charge,Unimportant Item,Groceries,19.24,4/13/2025,,,
Withdrawal,Credit Charge,Unimportant Item,Entertainment,19.23,12/20/2025,,,
Withdrawal,Investments,Unimportant Item,Groceries,19.22,10/5/2023,,,
Withdrawal,Credit Charge,Unimportant Item,Gas,19.22,6/21/2025,,,
Withdrawal,Credit Charge,Unimportant Item,Misc,19.1,7/27/2025,,,
Withdrawal,Account 2,Unimportant Item,Travel,19.08,10/13/2024,,,
Withdrawal,Credit Charge,Unimportant Item,Groceries,19.06,5/10/2025,,,
Withdrawal,Credit Charge,Unimportant Item,Travel,18.98,1/26/2025,,,
Withdrawal,Investments,Unimportant Item,Groceries,18.97,4/23/2024,,,
Withdrawal,Account 2,Unimportant Item,Dining,18.95,7/31/2024,,,
Withdrawal,Account 2,Unimportant Item,Entertainment,18.95,8/27/2025,,,
Withdrawal,Credit Charge,Unimportant Item,Gas,18.86,6/28/2025,,,
Withdrawal,Account 2,Unimportant Item,Health,18.84,1/24/2026,,,
Withdrawal,Account 2,Unimportant Item,Health,18.76,10/20/2025,,,
Withdrawal,Credit Charge,Unimportant Item,Entertainment,18.75,1/6/2026,,,
Withdrawal,Investments,Unimportant Item,Groceries,18.68,1/26/2024,,,
Deposit,Investments,Unimportant Item,,18.58,8/5/2023,,,
Withdrawal,Credit Charge,Unimportant Item,Dining,18.42,9/25/2025,,,
Withdrawal,Investments,Unimportant Item,Shopping,18.13,9/18/2023,,,
Withdrawal,Credit Charge,Unimportant Item,Health,18.12,3/27/2026,,,
Withdrawal,Account 2,Unimportant Item,Utilities,17.97,2/13/2025,,,
Withdrawal,Investments,Unimportant Item,Gas,17.93,1/14/2024,,,
Withdrawal,Credit Charge,Unimportant Item,Groceries,17.88,2/3/2026,,,
Withdrawal,Credit Charge,Unimportant Item,Gas,17.85,9/14/2025,,,
Deposit,Investments,Unimportant Item,,17.83,11/18/2024,,,
Withdrawal,Credit Charge,Unimportant Item,Gifts,17.77,1/9/2026,,,
Transfer,Account 1,Investments,,17.76,11/11/2023,,,
Withdrawal,Investments,Unimportant Item,Entertainment,17.66,1/22/2024,,,
Withdrawal,Credit Charge,Unimportant Item,Misc,17.65,5/26/2025,,,
Withdrawal,Credit Charge,Unimportant Item,Misc,17.62,1/12/2026,,,
Withdrawal,Investments,Unimportant Item,Travel,17.58,1/10/2024,,,
Withdrawal,Credit Charge,Unimportant Item,Shopping,17.49,4/8/2026,,,
Withdrawal,Account 2,Unimportant Item,Utilities,17.31,2/16/2025,,,
Withdrawal,Credit Charge,Unimportant Item,Groceries,17.25,9/4/2025,,,
Withdrawal,Credit Charge,Unimportant Item,Gas,17.16,8/16/2025,,,
Deposit,Account 2,Unimportant Item,,17.16,1/25/2026,,,
Transfer,Account 1,Investments,,17.09,12/22/2023,,,
Withdrawal,Investments,Unimportant Item,Misc,17.04,5/21/2024,,,
Withdrawal,Investments,Unimportant Item,Entertainment,17.02,12/9/2023,,,
Withdrawal,Account 2,Unimportant Item,Entertainment,16.96,12/8/2024,,,
Transfer,Account 1,Investments,,16.91,1/4/2024,,,
Withdrawal,Account 2,Unimportant Item,Misc,16.87,5/31/2025,,,
Withdrawal,Credit Charge,Unimportant Item,Shopping,16.83,11/23/2025,,,
Withdrawal,Investments,Unimportant Item,Travel,16.82,1/7/2024,,,
Withdrawal,Investments,Unimportant Item,Entertainment,16.66,4/25/2024,,,
Withdrawal,Credit Charge,Unimportant Item,Misc,16.64,7/20/2025,,,
Withdrawal,Investments,Unimportant Item,Travel,16.62,1/13/2024,,,
Withdrawal,Credit Charge,Unimportant Item,Groceries,16.57,11/12/2024,,,
Withdrawal,Credit Charge,Unimportant Item,Shopping,16.52,3/14/2026,,,
Withdrawal,Investments,Unimportant Item,Misc,16.49,2/26/2024,,,
Withdrawal,Credit Charge,Unimportant Item,Groceries,16.44,12/11/2024,,,
Withdrawal,Investments,Unimportant Item,Travel,16.4,12/31/2023,,,
Withdrawal,Account 2,Unimportant Item,Entertainment,16.37,12/20/2025,,,
Deposit,Account 3,Unimportant Item,,16.34,5/29/2025,,,
Withdrawal,Credit Charge,Unimportant Item,Dining,16.03,6/20/2025,,,
Withdrawal,Investments,Unimportant Item,Groceries,15.95,9/21/2023,,,
Withdrawal,Credit Charge,Unimportant Item,Gifts,15.91,2/4/2026,,,
Transfer,Account 1,Investments,,15.91,10/5/2023,,,
Withdrawal,Credit Charge,Unimportant Item,Gas,15.69,10/17/2024,,,
Withdrawal,Investments,Unimportant Item,Groceries,15.64,2/7/2024,,,
Withdrawal,Account 2,Unimportant Item,Travel,15.64,9/27/2024,,,
Withdrawal,Investments,Unimportant Item,Groceries,15.61,11/25/2023,,,
Withdrawal,Credit Charge,Unimportant Item,Groceries,15.6,2/18/2026,,,
Withdrawal,Investments,Unimportant Item,Groceries,15.53,11/20/2023,,,
Withdrawal,Investments,Unimportant Item,Travel,15.49,12/28/2023,,,
Withdrawal,Investments,Unimportant Item,Travel,15.48,12/31/2023,,,
Withdrawal,Account 2,Unimportant Item,Utilities,15.4,9/1/2024,,,
Withdrawal,Credit Charge,Unimportant Item,Travel,15.4,8/10/2025,,,
Withdrawal,Investments,Unimportant Item,Groceries,15.35,12/2/2023,,,
Withdrawal,Investments,Unimportant Item,Groceries,15.33,9/14/2023,,,
Deposit,Investments,Unimportant Item,,15.18,5/25/2025,,,
Withdrawal,Investments,Unimportant Item,Groceries,15.15,12/21/2023,,,
Withdrawal,Account 2,Unimportant Item,Misc,15.15,9/2/2024,,,
Withdrawal,Account 2,Unimportant Item,Utilities,15.14,2/19/2026,,,
Withdrawal,Account 2,Unimportant Item,Misc,15.1,7/3/2024,,,
Withdrawal,Credit Charge,Unimportant Item,Groceries,15.04,12/29/2024,,,
Withdrawal,Account 2,Unimportant Item,Gas,14.89,8/11/2024,,,
Withdrawal,Account 2,Unimportant Item,Entertainment,14.89,6/11/2025,,,
Withdrawal,Account 2,Unimportant Item,Utilities,14.88,6/19/2025,,,
Withdrawal,Credit Charge,Unimportant Item,Groceries,14.77,11/1/2024,,,
Withdrawal,Credit Charge,Unimportant Item,Groceries,14.76,3/4/2026,,,
Withdrawal,Investments,Unimportant Item,Gas,14.62,2/26/2024,,,
Transfer,Account 1,Investments,,14.61,11/15/2023,,,
Withdrawal,Investments,Unimportant Item,Entertainment,14.49,5/25/2024,,,
Withdrawal,Credit Charge,Unimportant Item,Shopping,14.41,4/16/2025,,,
Withdrawal,Credit Charge,Unimportant Item,Entertainment,14.4,10/31/2025,,,
Credit Payment,Credit Payment,Unimportant Item,,14.12,9/27/2025,,,
Withdrawal,Investments,Unimportant Item,Gas,14.08,12/11/2023,,,
Withdrawal,Investments,Unimportant Item,Shopping,14.07,3/12/2024,,,
Transfer,Account 1,Investments,,14.02,9/6/2023,,,
Withdrawal,Credit Charge,Unimportant Item,Gas,13.99,6/28/2025,,,
Withdrawal,Credit Charge,Unimportant Item,Travel,13.81,1/15/2025,,,
Deposit,Investments,Unimportant Item,,13.8,1/2/2026,,,
Withdrawal,Account 2,Unimportant Item,Entertainment,13.78,9/24/2024,,,
Deposit,Investments,Unimportant Item,,13.78,5/14/2024,,,
Withdrawal,Account 2,Unimportant Item,Entertainment,13.73,7/27/2025,,,
Withdrawal,Investments,Unimportant Item,Shopping,13.68,2/23/2024,,,
Withdrawal,Account 2,Unimportant Item,Entertainment,13.68,1/20/2025,,,
Withdrawal,Investments,Unimportant Item,Misc,13.64,9/4/2023,,,
Withdrawal,Account 2,Unimportant Item,Utilities,13.61,7/22/2024,,,
Withdrawal,Account 2,Unimportant Item,Entertainment,13.59,6/13/2024,,,
Transfer,Account 1,Investments,,13.49,1/29/2024,,,
Withdrawal,Investments,Unimportant Item,Groceries,13.37,9/26/2023,,,
Withdrawal,Account 2,Unimportant Item,Entertainment,13.36,8/15/2024,,,
Withdrawal,Investments,Unimportant Item,Groceries,13.35,10/10/2023,,,
Withdrawal,Credit Charge,Unimportant Item,Entertainment,13.35,12/13/2025,,,
Withdrawal,Investments,Unimportant Item,Groceries,13.34,12/12/2023,,,
Credit Payment,Credit Payment,Unimportant Item,,13.33,10/24/2025,,,
Withdrawal,Investments,Unimportant Item,Shopping,13.31,3/21/2024,,,
Deposit,Account 3,Unimportant Item,,13.29,6/15/2025,,,
Withdrawal,Account 2,Unimportant Item,Utilities,13.28,4/2/2025,,,
Deposit,Account 2,Unimportant Item,,13.28,10/15/2025,,,
Withdrawal,Investments,Unimportant Item,Groceries,13.08,1/2/2024,,,
Withdrawal,Account 2,Unimportant Item,Groceries,13.08,11/21/2024,,,
Withdrawal,Credit Charge,Unimportant Item,Groceries,13.04,8/4/2025,,,
Deposit,Investments,Unimportant Item,,13,3/5/2024,,,
Withdrawal,Investments,Unimportant Item,Groceries,12.94,3/10/2024,,,
Withdrawal,Credit Charge,Unimportant Item,Misc,12.91,3/3/2026,,,
Withdrawal,Credit Charge,Unimportant Item,Misc,12.81,3/12/2026,,,
Withdrawal,Account 2,Unimportant Item,Utilities,12.8,10/13/2024,,,
Withdrawal,Account 2,Unimportant Item,Gifts,12.7,12/24/2024,,,
Withdrawal,Investments,Unimportant Item,Gas,12.69,3/22/2024,,,
Withdrawal,Investments,Unimportant Item,Entertainment,12.66,1/10/2024,,,
Deposit,Investments,Unimportant Item,,12.64,11/6/2025,,,
Withdrawal,Investments,Unimportant Item,Dining,12.55,6/8/2024,,,
Transfer,Account 1,Investments,,12.47,9/20/2023,,,
Transfer,Account 1,Investments,,12.47,6/9/2024,,,
Withdrawal,Account 2,Unimportant Item,Utilities,12.44,11/7/2024,,,
Withdrawal,Credit Charge,Unimportant Item,Entertainment,12.33,2/3/2026,,,
Withdrawal,Investments,Unimportant Item,Dining,12.21,8/27/2023,,,
Withdrawal,Investments,Unimportant Item,Groceries,12.1,5/14/2024,,,
Withdrawal,Credit Charge,Unimportant Item,Misc,12.07,1/14/2025,,,
Withdrawal,Credit Charge,Unimportant Item,Gas,12.03,3/12/2026,,,
Withdrawal,Investments,Unimportant Item,Groceries,11.99,2/10/2024,,,
Deposit,Account 3,Unimportant Item,,11.98,12/2/2025,,,
Withdrawal,Credit Charge,Unimportant Item,Gas,11.91,10/1/2025,,,
Withdrawal,Investments,Unimportant Item,Dining,11.85,9/22/2023,,,
Withdrawal,Investments,Unimportant Item,Travel,11.85,1/9/2024,,,
Withdrawal,Credit Charge,Unimportant Item,Travel,11.72,1/10/2025,,,
Deposit,Account 3,Unimportant Item,,11.72,9/3/2025,,,
Withdrawal,Investments,Unimportant Item,Dining,11.71,5/17/2024,,,
Withdrawal,Credit Charge,Unimportant Item,Entertainment,11.62,3/20/2026,,,
Transfer,Investments,Account 1,,11.6,1/1/2024,,,
Withdrawal,Investments,Unimportant Item,Entertainment,11.58,12/10/2023,,,
Withdrawal,Investments,Unimportant Item,Gas,11.47,4/3/2024,,,
Withdrawal,Account 2,Unimportant Item,Groceries,11.44,12/9/2024,,,
Withdrawal,Credit Charge,Unimportant Item,Travel,11.44,1/4/2025,,,
Deposit,Account 3,Unimportant Item,,11.44,11/20/2024,,,
Withdrawal,Credit Charge,Unimportant Item,Shopping,11.42,10/2/2024,,,
Withdrawal,Credit Charge,Unimportant Item,Shopping,11.37,9/8/2025,,,
Withdrawal,Investments,Unimportant Item,Dining,11.33,12/19/2023,,,
Transfer,Account 1,Investments,,11.28,8/24/2023,,,
Withdrawal,Credit Charge,Unimportant Item,Gas,11.26,4/14/2025,,,
Withdrawal,Credit Charge,Unimportant Item,Groceries,11.22,6/26/2025,,,
Deposit,Account 3,Unimportant Item,,11.18,10/15/2025,,,
Transfer,Account 1,Investments,,11.15,8/9/2023,,,
Transfer,Account 1,Investments,,11.11,11/14/2023,,,
Withdrawal,Account 2,Unimportant Item,Travel,11.1,10/21/2024,,,
Withdrawal,Credit Charge,Unimportant Item,Groceries,11.07,7/12/2025,,,
Withdrawal,Investments,Unimportant Item,Shopping,11.06,2/17/2024,,,
Withdrawal,Credit Charge,Unimportant Item,Groceries,11,3/9/2026,,,
Withdrawal,Credit Charge,Unimportant Item,Entertainment,10.98,11/4/2024,,,
Withdrawal,Account 2,Unimportant Item,Entertainment,10.93,3/2/2025,,,
Deposit,Investments,Unimportant Item,,10.93,11/28/2024,,,
Withdrawal,Investments,Unimportant Item,Travel,10.92,1/9/2024,,,
Withdrawal,Credit Charge,Unimportant Item,Entertainment,10.83,9/15/2025,,,
Withdrawal,Investments,Unimportant Item,Misc,10.81,8/7/2023,,,
Deposit,Account 1,Unimportant Item,,10.73,10/1/2023,,,
Withdrawal,Investments,Unimportant Item Name,Dining,10.71,7/13/2023,,,
Withdrawal,Credit Charge,Unimportant Item,Travel,10.71,1/15/2025,,,
Withdrawal,Investments,Unimportant Item,Groceries,10.58,1/27/2024,,,
Withdrawal,Investments,Unimportant Item,Gas,10.53,9/8/2023,,,
Deposit,Investments,Unimportant Item,,10.51,9/2/2023,,,
Withdrawal,Credit Charge,Unimportant Item,Dining,10.49,9/7/2024,,,
Withdrawal,Credit Charge,Unimportant Item,Gifts,10.47,1/8/2026,,,
Withdrawal,Investments,Unimportant Item,Groceries,10.46,12/7/2023,,,
Transfer,Account 1,Investments,,10.32,1/18/2024,,,
Withdrawal,Credit Charge,Unimportant Item,Entertainment,10.26,4/16/2025,,,
Withdrawal,Credit Charge,Unimportant Item,Entertainment,10.26,5/26/2025,,,
Withdrawal,Investments,Unimportant Item,Misc,10.17,9/12/2024,,,
Withdrawal,Investments,Unimportant Item,Gas,10.14,3/19/2024,,,
Withdrawal,Credit Charge,Unimportant Item,Dining,10.11,7/18/2025,,,
Withdrawal,Account 2,Unimportant Item,Entertainment,10.08,1/7/2025,,,
Withdrawal,Credit Charge,Unimportant Item,Gas,10.05,1/30/2026,,,
Withdrawal,Investments,Unimportant Item,Dining,10.02,8/15/2023,,,
Withdrawal,Credit Charge,Unimportant Item,Misc,10,8/27/2025,,,
Withdrawal,Account 2,Unimportant Item,Utilities,10,10/31/2025,,,
Withdrawal,Investments,Unimportant Item,Entertainment,9.99,2/6/2024,,,
Withdrawal,Investments,Unimportant Item,Gas,9.92,5/13/2024,,,
Withdrawal,Investments,Unimportant Item,Gas,9.89,5/2/2024,,,
Withdrawal,Credit Charge,Unimportant Item,Travel,9.87,1/5/2025,,,
Withdrawal,Investments,Unimportant Item,Dining,9.82,12/13/2023,,,
Withdrawal,Account 2,Unimportant Item,Health,9.82,10/14/2025,,,
Withdrawal,Investments,Unimportant Item,Groceries,9.74,11/17/2023,,,
Withdrawal,Investments,Unimportant Item,Groceries,9.73,11/21/2023,,,
Withdrawal,Account 2,Unimportant Item,Travel,9.67,10/13/2024,,,
Withdrawal,Credit Charge,Unimportant Item,Dining,9.66,5/14/2025,,,
Deposit,Account 2,Unimportant Item,,9.66,6/28/2025,,,
Withdrawal,Investments,Unimportant Item,Groceries,9.65,12/6/2023,,,
Transfer,Account 1,Investments,,9.62,8/20/2023,,,
Deposit,Account 3,Unimportant Item,,9.52,4/15/2025,,,
Withdrawal,Investments,Unimportant Item,Dining,9.48,11/11/2023,,,
Withdrawal,Account 2,Unimportant Item,Entertainment,9.47,4/29/2025,,,
Transfer,Account 1,Investments,,9.44,8/3/2023,,,
Deposit,Investments,Unimportant Item,,9.41,1/24/2024,,,
Withdrawal,Account 2,Unimportant Item,Health,9.39,12/26/2025,,,
Withdrawal,Credit Charge,Unimportant Item,Dining,9.34,7/11/2025,,,
Withdrawal,Credit Charge,Unimportant Item,Groceries,9.34,3/11/2026,,,
Withdrawal,Credit Charge,Unimportant Item,Dining,9.3,2/23/2026,,,
Withdrawal,Credit Charge,Unimportant Item,Entertainment,9.27,10/27/2025,,,
Withdrawal,Credit Charge,Unimportant Item,Entertainment,9.22,9/13/2025,,,
Withdrawal,Credit Charge,Unimportant Item,Entertainment,9.18,12/16/2025,,,
Withdrawal,Credit Charge,Unimportant Item,Shopping,9.17,10/18/2024,,,
Withdrawal,Account 2,Unimportant Item,Gifts,9.17,6/5/2025,,,
Deposit,Account 3,Unimportant Item,,9.17,4/10/2025,,,
Withdrawal,Investments,Unimportant Item,Dining,9.11,1/1/2024,,,
Withdrawal,Account 2,Unimportant Item,Utilities,9.09,9/5/2025,,,
Withdrawal,Investments,Unimportant Item,Misc,9.08,8/9/2023,,,
Withdrawal,Investments,Unimportant Item,Dining,9.08,12/15/2023,,,
Withdrawal,Account 2,Unimportant Item,Utilities,9.01,9/10/2025,,,
Withdrawal,Investments,Unimportant Item,Groceries,8.99,11/14/2023,,,
Withdrawal,Credit Charge,Unimportant Item,Entertainment,8.96,7/17/2025,,,
Withdrawal,Credit Charge,Unimportant Item,Groceries,8.95,9/22/2025,,,
Withdrawal,Account 2,Unimportant Item,Entertainment,8.89,1/6/2026,,,
Withdrawal,Account 2,Unimportant Item,Misc,8.82,8/26/2024,,,
Withdrawal,Credit Charge,Unimportant Item,Dining,8.82,9/18/2025,,,
Withdrawal,Investments,Unimportant Item,Shopping,8.81,3/3/2024,,,
Withdrawal,Account 2,Unimportant Item,Utilities,8.8,8/16/2024,,,
Withdrawal,Investments,Unimportant Item,Gas,8.79,9/5/2023,,,
Withdrawal,Credit Charge,Unimportant Item,Groceries,8.78,9/5/2024,,,
Withdrawal,Account 2,Unimportant Item,Utilities,8.75,9/13/2024,,,
Withdrawal,Credit Charge,Unimportant Item,Dining,8.75,3/14/2025,,,
Withdrawal,Credit Charge,Unimportant Item,Groceries,8.74,9/4/2024,,,
Withdrawal,Credit Charge,Unimportant Item,Dining,8.74,12/8/2025,,,
Deposit,Account 2,Unimportant Item,,8.74,3/27/2026,,,
Withdrawal,Credit Charge,Unimportant Item,Shopping,8.7,9/24/2025,,,
Withdrawal,Investments,Unimportant Item,Travel,8.68,1/15/2024,,,
Withdrawal,Investments,Unimportant Item,Dining,8.65,9/26/2023,,,
Withdrawal,Investments,Unimportant Item,Dining,8.63,6/12/2024,,,
Withdrawal,Investments,Unimportant Item,Dining,8.59,6/7/2024,,,
Withdrawal,Credit Charge,Unimportant Item,Gas,8.58,4/17/2025,,,
Withdrawal,Account 2,Unimportant Item,Dining,8.57,12/15/2024,,,
Deposit,Account 2,Unimportant Item,,8.56,3/13/2026,,,
Withdrawal,Investments,Unimportant Item,Groceries,8.54,8/24/2023,,,
Withdrawal,Investments,Unimportant Item,Dining,8.54,5/10/2024,,,
Withdrawal,Account 2,Unimportant Item,Entertainment,8.52,5/8/2025,,,
Withdrawal,Investments,Unimportant Item,Dining,8.51,10/18/2023,,,
Withdrawal,Credit Charge,Unimportant Item,Entertainment,8.51,11/9/2025,,,
Withdrawal,Account 2,Unimportant Item,Shopping,8.48,9/19/2024,,,
Withdrawal,Investments,Unimportant Item,Dining,8.44,3/27/2024,,,
Withdrawal,Investments,Unimportant Item,Gas,8.38,6/4/2024,,,
Withdrawal,Account 2,Unimportant Item,Gas,8.38,7/24/2024,,,
Withdrawal,Credit Charge,Unimportant Item,Entertainment,8.34,10/19/2024,,,
Withdrawal,Account 2,Unimportant Item,Travel,8.32,10/17/2024,,,
Withdrawal,Credit Charge,Unimportant Item,Shopping,8.32,7/10/2025,,,
Withdrawal,Investments,Unimportant Item,Entertainment,8.31,4/9/2024,,,
Transfer,Account 1,Investments,,8.28,12/29/2023,,,
Withdrawal,Account 2,Unimportant Item,Dining,8.26,7/25/2024,,,
Withdrawal,Account 2,Unimportant Item,Utilities,8.26,7/19/2025,,,
Withdrawal,Investments,Unimportant Item,Gas,8.23,4/23/2024,,,
Withdrawal,Investments,Unimportant Item,Dining,8.22,2/17/2024,,,
Withdrawal,Account 2,Unimportant Item,Dining,8.21,10/1/2024,,,
Withdrawal,Credit Charge,Unimportant Item,Groceries,8.2,10/26/2025,,,
Transfer,Investments,Account 1,,8.2,3/26/2024,,,
Deposit,Account 1,Unimportant Item,,8.19,1/24/2026,,,
Withdrawal,Investments,Unimportant Item,Gas,8.16,9/3/2023,,,
Withdrawal,Account 2,Unimportant Item,Dining,8.15,7/25/2024,,,
Withdrawal,Credit Charge,Unimportant Item,Gifts,8.15,1/4/2026,,,
Withdrawal,Investments,Unimportant Item,Groceries,8.11,10/26/2023,,,
Withdrawal,Investments,Unimportant Item,Gas,8.11,4/9/2024,,,
Withdrawal,Account 2,Unimportant Item,Travel,8.06,10/23/2024,,,
Withdrawal,Credit Charge,Unimportant Item,Groceries,8.01,4/20/2025,,,
Withdrawal,Investments,Unimportant Item,Gas,7.96,9/24/2023,,,
Withdrawal,Investments,Unimportant Item,Gas,7.94,10/19/2023,,,
Withdrawal,Investments,Unimportant Item,Dining,7.94,4/13/2024,,,
Withdrawal,Credit Charge,Unimportant Item,Entertainment,7.92,11/26/2025,,,
Transfer,Account 1,Investments,,7.89,5/17/2024,,,
Withdrawal,Credit Charge,Unimportant Item,Travel,7.87,1/4/2025,,,
Credit Payment,Credit Payment,Unimportant Item,,7.86,3/20/2025,,,
Withdrawal,Investments,Unimportant Item,Gas,7.85,8/17/2023,,,
Withdrawal,Account 2,Unimportant Item,Dining,7.81,8/8/2024,,,
Withdrawal,Credit Charge,Unimportant Item,Dining,7.81,8/22/2025,,,
Withdrawal,Investments,Unimportant Item,Misc,7.79,9/9/2023,,,
Withdrawal,Account 2,Unimportant Item,Groceries,7.79,2/2/2025,,,
Withdrawal,Account 2,Unimportant Item,Dining,7.76,12/15/2024,,,
Withdrawal,Account 2,Unimportant Item,Dining,7.76,1/26/2025,,,
Withdrawal,Investments,Unimportant Item,Dining,7.7,12/5/2023,,,
Withdrawal,Investments,Unimportant Item,Dining,7.68,12/19/2023,,,
Transfer,Investments,Account 1,,7.68,9/15/2023,,,
Withdrawal,Investments,Unimportant Item,Groceries,7.67,12/22/2023,,,
Deposit,Investments,Unimportant Item,,7.66,6/19/2024,,,
Withdrawal,Investments,Unimportant Item,Entertainment,7.64,8/29/2024,,,
Deposit,Account 2,Unimportant Item,,7.63,3/15/2026,,,
Withdrawal,Investments,Unimportant Item,Entertainment,7.59,10/23/2023,,,
Withdrawal,Investments,Unimportant Item,Groceries,7.59,11/25/2023,,,
Withdrawal,Credit Charge,Unimportant Item,Misc,7.55,2/3/2026,,,
Withdrawal,Investments,Unimportant Item,Gas,7.44,9/21/2023,,,
Withdrawal,Investments,Unimportant Item,Dining,7.44,7/19/2024,,,
Withdrawal,Investments,Unimportant Item,Dining,7.42,10/26/2023,,,
Withdrawal,Credit Charge,Unimportant Item,Dining,7.42,4/7/2025,,,
Withdrawal,Credit Charge,Unimportant Item,Entertainment,7.41,5/20/2025,,,
Withdrawal,Investments,Unimportant Item,Dining,7.38,8/31/2023,,,
Withdrawal,Account 2,Unimportant Item,Dining,7.37,6/14/2024,,,
Withdrawal,Credit Charge,Unimportant Item,Dining,7.37,12/7/2025,,,
Withdrawal,Investments,Unimportant Item,Dining,7.35,4/27/2024,,,
Transfer,Account 1,Investments,,7.35,12/24/2023,,,
Withdrawal,Credit Charge,Unimportant Item,Entertainment,7.32,1/13/2025,,,
Withdrawal,Credit Charge,Unimportant Item,Dining,7.32,6/17/2025,,,
Withdrawal,Investments,Unimportant Item,Groceries,7.3,11/30/2023,,,
Withdrawal,Credit Charge,Unimportant Item,Groceries,7.3,9/16/2025,,,
Withdrawal,Account 2,Unimportant Item,Dining,7.25,7/26/2024,,,
Withdrawal,Account 2,Unimportant Item,Entertainment,7.25,8/2/2024,,,
Withdrawal,Credit Charge,Unimportant Item,Groceries,7.23,5/10/2025,,,
Withdrawal,Investments,Unimportant Item,Dining,7.16,11/1/2023,,,
Withdrawal,Credit Charge,Unimportant Item,Misc,7.15,3/23/2025,,,
Withdrawal,Credit Charge,Unimportant Item,Entertainment,7.14,8/17/2024,,,
Withdrawal,Investments,Unimportant Item,Dining,7.08,6/9/2024,,,
Withdrawal,Investments,Unimportant Item,Entertainment,7.06,2/10/2024,,,
Withdrawal,Investments,Unimportant Item,Dining,7.06,4/17/2024,,,
Withdrawal,Credit Charge,Unimportant Item,Groceries,7.06,5/8/2025,,,
Transfer,Account 1,Investments,,7.06,8/6/2023,,,
Withdrawal,Investments,Unimportant Item,Dining,7,9/13/2023,,,
Withdrawal,Investments,Unimportant Item,Dining,7,5/27/2024,,,
Withdrawal,Account 2,Unimportant Item,Dining,6.98,11/1/2024,,,
Withdrawal,Credit Charge,Unimportant Item,Entertainment,6.98,1/8/2026,,,
Withdrawal,Investments,Unimportant Item,Groceries,6.97,5/16/2024,,,
Withdrawal,Credit Charge,Unimportant Item,Entertainment,6.96,4/7/2025,,,
Withdrawal,Investments,Unimportant Item,Dining,6.94,10/17/2023,,,
Withdrawal,Investments,Unimportant Item,Groceries,6.94,11/20/2023,,,
Withdrawal,Credit Charge,Unimportant Item,Entertainment,6.93,10/25/2025,,,
Withdrawal,Account 2,Unimportant Item,Dining,6.91,1/13/2025,,,
Withdrawal,Credit Charge,Unimportant Item,Dining,6.91,12/20/2025,,,
Withdrawal,Credit Charge,Unimportant Item,Shopping,6.88,10/6/2025,,,
Withdrawal,Credit Charge,Unimportant Item,Dining,6.87,5/10/2025,,,
Withdrawal,Credit Charge,Unimportant Item,Gas,6.83,11/1/2025,,,
Withdrawal,Account 2,Unimportant Item,Dining,6.82,7/1/2024,,,
Withdrawal,Investments,Unimportant Item,Travel,6.79,1/11/2024,,,
Withdrawal,Credit Charge,Unimportant Item,Entertainment,6.79,9/19/2025,,,
Withdrawal,Investments,Unimportant Item,Dining,6.77,9/28/2023,,,
Withdrawal,Investments,Unimportant Item,Dining,6.76,10/22/2023,,,
Withdrawal,Credit Charge,Unimportant Item,Shopping,6.73,9/1/2025,,,
Withdrawal,Credit Charge,Unimportant Item,Entertainment,6.71,10/13/2024,,,
Withdrawal,Investments,Unimportant Item,Dining,6.68,6/5/2024,,,
Withdrawal,Credit Charge,Unimportant Item,Groceries,6.68,7/15/2025,,,
Withdrawal,Account 2,Unimportant Item,Utilities,6.68,7/20/2025,,,
Deposit,Account 3,Unimportant Item,,6.67,2/23/2025,,,
Withdrawal,Credit Charge,Unimportant Item,Entertainment,6.66,6/4/2025,,,
Withdrawal,Investments,Unimportant Item,Groceries,6.62,9/2/2023,,,
Withdrawal,Account 2,Unimportant Item,Entertainment,6.62,11/29/2024,,,
Withdrawal,Credit Charge,Unimportant Item,Travel,6.62,1/8/2025,,,
Withdrawal,Investments,Unimportant Item,Health,6.58,8/24/2023,,,
Withdrawal,Account 2,Unimportant Item,Groceries,6.58,7/1/2024,,,
Withdrawal,Credit Charge,Unimportant Item,Travel,6.58,2/6/2025,,,
Withdrawal,Investments,Unimportant Item,Groceries,6.57,5/20/2024,,,
Withdrawal,Investments,Unimportant Item,Dining,6.56,9/24/2023,,,
Withdrawal,Investments,Unimportant Item,Dining,6.55,1/1/2024,,,
Withdrawal,Credit Charge,Unimportant Item,Dining,6.52,6/12/2025,,,
Withdrawal,Investments,Unimportant Item,Dining,6.5,10/20/2023,,,
Withdrawal,Credit Charge,Unimportant Item,Dining,6.5,12/12/2024,,,
Deposit,Account 3,Unimportant Item,,6.5,6/20/2024,,,
Transfer,Account 1,Investments,,6.49,1/14/2024,,,
Withdrawal,Investments,Unimportant Item,Shopping,6.48,4/13/2024,,,
Withdrawal,Credit Charge,Unimportant Item,Dining,6.47,5/8/2025,,,
Withdrawal,Account 1,Unimportant Item,Entertainment,6.46,7/24/2023,,,
Withdrawal,Investments,Unimportant Item,Groceries,6.45,5/25/2024,,,
Transfer,Account 1,Investments,,6.45,1/26/2024,,,
Withdrawal,Investments,Unimportant Item,Dining,6.44,11/27/2023,,,
Withdrawal,Credit Charge,Unimportant Item,Dining,6.44,5/26/2025,,,
Withdrawal,Investments,Unimportant Item,Travel,6.43,1/3/2024,,,
Withdrawal,Account 1,Unimportant Item,Dining,6.4,8/26/2023,,,
Withdrawal,Investments,Unimportant Item,Groceries,6.4,9/18/2023,,,
Withdrawal,Credit Charge,Unimportant Item,Travel,6.4,1/28/2025,,,
Withdrawal,Investments,Unimportant Item,Travel,6.39,1/26/2024,,,
Withdrawal,Credit Charge,Unimportant Item,Dining,6.39,6/14/2025,,,
Withdrawal,Account 2,Unimportant Item,Entertainment,6.37,7/20/2024,,,
Withdrawal,Investments,Unimportant Item,Groceries,6.36,11/16/2023,,,
Withdrawal,Investments,Unimportant Item,Entertainment,6.36,12/25/2023,,,
Withdrawal,Account 2,Unimportant Item,Entertainment,6.36,10/24/2024,,,
Withdrawal,Investments,Unimportant Item,Misc,6.32,9/24/2023,,,
Withdrawal,Credit Charge,Unimportant Item,Dining,6.32,5/14/2025,,,
Withdrawal,Credit Charge,Unimportant Item,Groceries,6.31,5/8/2025,,,
Withdrawal,Credit Charge,Unimportant Item,Travel,6.31,8/9/2025,,,
Deposit,Account 3,Unimportant Item,,6.3,1/9/2025,,,
Withdrawal,Credit Charge,Unimportant Item,Dining,6.28,4/7/2025,,,
Withdrawal,Credit Charge,Unimportant Item,Travel,6.26,1/10/2025,,,
Withdrawal,Credit Charge,Unimportant Item,Entertainment,6.26,11/5/2025,,,
Withdrawal,Investments,Unimportant Item,Gifts,6.25,12/30/2023,,,
Withdrawal,Credit Charge,Unimportant Item,Dining,6.22,2/22/2025,,,
Withdrawal,Credit Charge,Unimportant Item,Dining,6.22,10/20/2025,,,
Withdrawal,Investments,Unimportant Item,Misc,6.21,10/14/2023,,,
Withdrawal,Investments,Unimportant Item,Dining,6.19,9/15/2023,,,
Deposit,Investments,Unimportant Item,,6.19,3/13/2025,,,
Withdrawal,Investments,Unimportant Item,Groceries,6.17,10/30/2023,,,
Withdrawal,Credit Charge,Unimportant Item,Gifts,6.12,1/15/2026,,,
Withdrawal,Credit Charge,Unimportant Item,Gifts,6.11,1/27/2026,,,
Withdrawal,Investments,Unimportant Item,Entertainment,6.1,8/2/2023,,,
Withdrawal,Investments,Unimportant Item,Gifts,6.1,1/17/2024,,,
Withdrawal,Credit Charge,Unimportant Item,Dining,6.07,8/29/2025,,,
Withdrawal,Credit Charge,Unimportant Item,Travel,6.06,1/23/2025,,,
Withdrawal,Account 2,Unimportant Item,Utilities,6.05,8/4/2025,,,
Withdrawal,Credit Charge,Unimportant Item,Dining,6.05,11/21/2025,,,
Withdrawal,Investments,Unimportant Item,Dining,6.04,2/2/2024,,,
Deposit,Account 1,Unimportant Item,,6.03,11/4/2023,,,
Withdrawal,Credit Charge,Unimportant Item,Dining,6.01,4/2/2025,,,
Withdrawal,Credit Charge,Unimportant Item,Dining,6.01,7/13/2025,,,
Withdrawal,Credit Charge,Unimportant Item,Travel,6,1/8/2025,,,
Withdrawal,Investments,Unimportant Item,Travel,5.97,1/21/2024,,,
Withdrawal,Investments,Unimportant Item,Dining,5.95,11/7/2023,,,
Withdrawal,Credit Charge,Unimportant Item,Travel,5.95,2/1/2025,,,
Withdrawal,Credit Charge,Unimportant Item,Entertainment,5.94,9/21/2025,,,
Withdrawal,Investments,Unimportant Item,Groceries,5.91,2/9/2024,,,
Withdrawal,Credit Charge,Unimportant Item,Groceries,5.91,11/29/2025,,,
Withdrawal,Credit Charge,Unimportant Item,Dining,5.88,2/8/2026,,,
Withdrawal,Investments,Unimportant Item,Dining,5.86,7/26/2023,,,
Deposit,Investments,Unimportant Item,,5.86,3/22/2024,,,
Withdrawal,Credit Charge,Unimportant Item,Dining,5.85,3/11/2025,,,
Withdrawal,Investments,Unimportant Item,Groceries,5.84,1/9/2024,,,
Withdrawal,Credit Charge,Unimportant Item,Entertainment,5.84,11/29/2024,,,
Withdrawal,Credit Charge,Unimportant Item,Misc,5.84,1/3/2026,,,
Withdrawal,Investments,Unimportant Item,Misc,5.82,11/30/2023,,,
Withdrawal,Credit Charge,Unimportant Item,Entertainment,5.82,10/11/2025,,,
Withdrawal,Investments,Unimportant Item,Groceries,5.81,5/25/2024,,,
Withdrawal,Credit Charge,Unimportant Item,Entertainment,5.8,9/12/2025,,,
Withdrawal,Investments,Unimportant Item,Dining,5.79,10/28/2023,,,
Deposit,Account 3,Unimportant Item,,5.79,9/14/2025,,,
Withdrawal,Investments,Unimportant Item,Health,5.78,10/25/2023,,,
Withdrawal,Investments,Unimportant Item,Groceries,5.77,2/3/2024,,,
Withdrawal,Account 2,Unimportant Item,Entertainment,5.77,10/12/2025,,,
Withdrawal,Investments,Unimportant Item,Dining,5.74,9/4/2023,,,
Withdrawal,Credit Charge,Unimportant Item,Groceries,5.68,7/22/2025,,,
Withdrawal,Credit Charge,Unimportant Item,Dining,5.67,1/23/2026,,,
Withdrawal,Account 2,Unimportant Item,Entertainment,5.67,2/10/2026,,,
Withdrawal,Credit Charge,Unimportant Item,Travel,5.66,2/5/2025,,,
Deposit,Account 3,Unimportant Item,,5.62,8/12/2024,,,
Withdrawal,Account 2,Unimportant Item,Shopping,5.61,7/27/2024,,,
Withdrawal,Credit Charge,Unimportant Item,Dining,5.61,4/22/2025,,,
Withdrawal,Account 2,Unimportant Item,Utilities,5.61,7/28/2025,,,
Withdrawal,Investments,Unimportant Item,Gas,5.58,5/1/2024,,,
Withdrawal,Credit Charge,Unimportant Item,Dining,5.58,5/6/2025,,,
Transfer,Account 1,Investments,,5.58,9/16/2023,,,
Transfer,Account 1,Investments,,5.58,11/10/2023,,,
Withdrawal,Investments,Unimportant Item,Entertainment,5.56,2/5/2024,,,
Withdrawal,Credit Charge,Unimportant Item,Dining,5.55,11/8/2025,,,
Withdrawal,Account 2,Unimportant Item,Dining,5.53,2/8/2025,,,
Withdrawal,Account 1,Unimportant Item,Misc,5.51,4/9/2024,,,
Withdrawal,Credit Charge,Unimportant Item,Misc,5.5,9/18/2025,,,
Withdrawal,Credit Charge,Unimportant Item,Shopping,5.49,2/16/2025,,,
Withdrawal,Investments,Unimportant Item,Dining,5.46,10/9/2023,,,
Deposit,Account 3,Unimportant Item,,5.45,5/16/2024,,,
Withdrawal,Investments,Unimportant Item,Dining,5.43,9/21/2023,,,
Withdrawal,Credit Charge,Unimportant Item,Entertainment,5.42,12/22/2024,,,
Withdrawal,Account 2,Unimportant Item,Travel,5.41,10/15/2024,,,
Withdrawal,Investments,Unimportant Item,Dining,5.39,2/25/2024,,,
Withdrawal,Account 2,Unimportant Item,Misc,5.39,8/22/2024,,,
Withdrawal,Investments,Unimportant Item,Dining,5.37,3/29/2024,,,
Withdrawal,Investments,Unimportant Item,Dining,5.36,3/13/2024,,,
Withdrawal,Investments,Unimportant Item,Entertainment,5.28,2/11/2024,,,
Withdrawal,Credit Charge,Unimportant Item,Misc,5.27,5/22/2025,,,
Withdrawal,Credit Charge,Unimportant Item,Groceries,5.27,5/25/2025,,,
Withdrawal,Credit Charge,Unimportant Item,Entertainment,5.27,8/16/2025,,,
Withdrawal,Investments,Unimportant Item,Groceries,5.26,1/15/2024,,,
Withdrawal,Investments,Unimportant Item,Dining,5.26,4/8/2024,,,
Withdrawal,Investments,Unimportant Item,Entertainment,5.23,11/7/2023,,,
Withdrawal,Investments,Unimportant Item,Dining,5.22,4/16/2024,,,
Withdrawal,Credit Charge,Unimportant Item,Gifts,5.19,1/19/2026,,,
Withdrawal,Investments,Unimportant Item,Dining,5.18,4/30/2024,,,
Withdrawal,Investments,Unimportant Item,Dining,5.16,2/4/2024,,,
Withdrawal,Investments,Unimportant Item,Shopping,5.15,9/17/2023,,,
Withdrawal,Credit Charge,Unimportant Item,Shopping,5.13,10/1/2025,,,
Withdrawal,Credit Charge,Unimportant Item,Groceries,5.13,10/6/2025,,,
Withdrawal,Credit Charge,Unimportant Item,Dining,5.12,12/20/2024,,,
Withdrawal,Account 2,Unimportant Item,Travel,5.11,1/4/2025,,,
Withdrawal,Credit Charge,Unimportant Item,Dining,5.11,12/12/2025,,,
Withdrawal,Credit Charge,Unimportant Item,Dining,5.11,3/11/2026,,,
Withdrawal,Credit Charge,Unimportant Item,Entertainment,5.1,2/25/2026,,,
Deposit,Account 3,Unimportant Item,,5.1,7/31/2024,,,
Transfer,Account 1,Investments,,5.09,11/7/2023,,,
Deposit,Account 3,Unimportant Item,,5.08,5/11/2024,,,
Withdrawal,Investments,Unimportant Item,Dining,5.07,5/9/2024,,,
Withdrawal,Credit Charge,Unimportant Item,Entertainment,5.07,1/22/2025,,,
Withdrawal,Investments,Unimportant Item,Dining,5.06,12/22/2023,,,
Withdrawal,Account 2,Unimportant Item,Travel,5.03,10/3/2024,,,
Withdrawal,Credit Charge,Unimportant Item,Misc,5.01,10/8/2025,,,
Withdrawal,Investments,Unimportant Item,Dining,4.99,5/2/2024,,,
Withdrawal,Investments,Unimportant Item,Dining,4.98,11/10/2023,,,
Withdrawal,Credit Charge,Unimportant Item,Dining,4.98,7/4/2025,,,
Withdrawal,Investments,Unimportant Item,Dining,4.97,10/27/2023,,,
Withdrawal,Investments,Unimportant Item,Dining,4.97,6/1/2024,,,
Withdrawal,Investments,Unimportant Item,Dining,4.95,2/4/2024,,,
Withdrawal,Investments,Unimportant Item,Dining,4.93,4/25/2024,,,
Withdrawal,Account 2,Unimportant Item,Entertainment,4.92,11/8/2025,,,
Withdrawal,Investments,Unimportant Item,Dining,4.91,10/6/2023,,,
Withdrawal,Credit Charge,Unimportant Item,Dining,4.88,2/20/2026,,,
Withdrawal,Credit Charge,Unimportant Item,Dining,4.85,2/8/2026,,,
Withdrawal,Credit Charge,Unimportant Item,Shopping,4.85,3/9/2026,,,
Withdrawal,Investments,Unimportant Item,Dining,4.82,2/19/2024,,,
Withdrawal,Account 2,Unimportant Item,Entertainment,4.82,9/28/2025,,,
Withdrawal,Investments,Unimportant Item,Groceries,4.78,10/23/2023,,,
Withdrawal,Credit Charge,Unimportant Item,Gifts,4.78,1/9/2026,,,
Withdrawal,Investments,Unimportant Item,Groceries,4.76,10/25/2023,,,
Withdrawal,Account 2,Unimportant Item,Entertainment,4.76,3/27/2025,,,
Withdrawal,Credit Charge,Unimportant Item,Groceries,4.76,7/24/2025,,,
Withdrawal,Credit Charge,Unimportant Item,Misc,4.73,9/12/2024,,,
Withdrawal,Investments,Unimportant Item,Dining,4.72,4/17/2024,,,
Withdrawal,Account 2,Unimportant Item,Dining,4.72,7/18/2024,,,
Transfer,Investments,Account 1,,4.72,8/30/2023,,,
Withdrawal,Investments,Unimportant Item,Travel,4.7,12/28/2023,,,
Withdrawal,Investments,Unimportant Item,Dining,4.7,2/18/2024,,,
Withdrawal,Credit Charge,Unimportant Item,Dining,4.7,11/29/2025,,,
Deposit,Account 3,Unimportant Item,,4.68,10/5/2024,,,
Withdrawal,Investments,Unimportant Item,Dining,4.67,8/24/2023,,,
Withdrawal,Investments,Unimportant Item,Dining,4.66,2/3/2024,,,
Withdrawal,Investments,Unimportant Item,Dining,4.65,11/16/2023,,,
Withdrawal,Credit Charge,Unimportant Item,Travel,4.65,2/5/2025,,,
Withdrawal,Credit Charge,Unimportant Item,Travel,4.64,7/5/2025,,,
Withdrawal,Credit Charge,Unimportant Item,Dining,4.63,10/28/2025,,,
Withdrawal,Investments,Unimportant Item,Dining,4.61,10/31/2023,,,
Withdrawal,Investments,Unimportant Item,Dining,4.6,6/3/2024,,,
Withdrawal,Credit Charge,Unimportant Item,Dining,4.59,1/11/2025,,,
Withdrawal,Investments,Unimportant Item,Dining,4.58,12/22/2023,,,
Deposit,Account 3,Unimportant Item,,4.58,10/20/2024,,,
Withdrawal,Investments,Unimportant Item,Dining,4.56,2/3/2024,,,
Withdrawal,Account 2,Unimportant Item,Dining,4.56,1/18/2025,,,
Withdrawal,Investments,Unimportant Item,Dining,4.54,6/14/2024,,,
Withdrawal,Credit Charge,Unimportant Item,Entertainment,4.54,11/21/2025,,,
Withdrawal,Investments,Unimportant Item,Dining,4.52,12/11/2023,,,
Withdrawal,Account 2,Unimportant Item,Shopping,4.52,7/23/2024,,,
Withdrawal,Account 2,Unimportant Item,Entertainment,4.52,8/6/2024,,,
Withdrawal,Investments,Unimportant Item,Dining,4.49,11/13/2023,,,
Withdrawal,Account 2,Unimportant Item,Groceries,4.49,7/7/2024,,,
Withdrawal,Credit Charge,Unimportant Item,Misc,4.49,9/12/2025,,,
Withdrawal,Investments,Unimportant Item,Groceries,4.48,10/22/2023,,,
Withdrawal,Credit Charge,Unimportant Item,Groceries,4.48,2/19/2026,,,
Withdrawal,Investments,Unimportant Item,Dining,4.47,8/13/2023,,,
Withdrawal,Credit Charge,Unimportant Item,Travel,4.47,7/13/2025,,,
Withdrawal,Investments,Unimportant Item,Entertainment,4.45,6/3/2024,,,
Withdrawal,Investments,Unimportant Item,Travel,4.44,1/14/2024,,,
Withdrawal,Investments,Unimportant Item,Dining,4.43,10/30/2023,,,
Withdrawal,Investments,Unimportant Item,Entertainment,4.43,3/27/2024,,,
Withdrawal,Investments,Unimportant Item,Dining,4.42,7/11/2024,,,
Withdrawal,Credit Charge,Unimportant Item,Entertainment,4.41,11/26/2025,,,
Withdrawal,Credit Charge,Unimportant Item,Groceries,4.41,1/5/2026,,,
Withdrawal,Credit Charge,Unimportant Item,Entertainment,4.4,7/29/2025,,,
Withdrawal,Investments,Unimportant Item,Dining,4.39,1/25/2024,,,
Withdrawal,Investments,Unimportant Item,Dining,4.38,1/6/2024,,,
Withdrawal,Credit Charge,Unimportant Item,Dining,4.38,12/29/2025,,,
Withdrawal,Investments,Unimportant Item,Dining,4.36,9/23/2023,,,
Withdrawal,Account 2,Unimportant Item,Entertainment,4.35,9/11/2024,,,
Withdrawal,Account 2,Unimportant Item,Travel,4.34,9/30/2024,,,
Withdrawal,Credit Charge,Unimportant Item,Misc,4.33,2/11/2026,,,
Withdrawal,Investments,Unimportant Item,Groceries,4.31,12/22/2023,,,
Withdrawal,Investments,Unimportant Item,Groceries,4.31,1/24/2024,,,
Withdrawal,Investments,Unimportant Item,Dining,4.31,2/21/2024,,,
Withdrawal,Credit Charge,Unimportant Item,Dining,4.29,5/19/2025,,,
Withdrawal,Investments,Unimportant Item,Travel,4.28,12/26/2023,,,
Withdrawal,Investments,Unimportant Item,Dining,4.26,3/6/2024,,,
Withdrawal,Investments,Unimportant Item,Shopping,4.25,9/8/2023,,,
Withdrawal,Investments,Unimportant Item,Dining,4.24,4/4/2024,,,
Withdrawal,Investments,Unimportant Item,Dining,4.23,1/16/2024,,,
Withdrawal,Investments,Unimportant Item,Dining,4.23,5/27/2024,,,
Withdrawal,Credit Charge,Unimportant Item,Dining,4.2,5/12/2025,,,
Withdrawal,Credit Charge,Unimportant Item,Travel,4.18,1/15/2025,,,
Withdrawal,Investments,Unimportant Item,Groceries,4.17,2/23/2024,,,
Withdrawal,Investments,Unimportant Item,Gas,4.12,3/14/2024,,,
Withdrawal,Account 2,Unimportant Item,Dining,4.12,6/30/2024,,,
Withdrawal,Credit Charge,Unimportant Item,Dining,4.08,5/21/2025,,,
Withdrawal,Investments,Unimportant Item,Entertainment,4.07,9/16/2023,,,
Withdrawal,Investments,Unimportant Item,Dining,4.07,3/27/2024,,,
Withdrawal,Account 2,Unimportant Item,Utilities,4.07,11/26/2025,,,
Withdrawal,Credit Charge,Unimportant Item,Shopping,4.05,6/2/2025,,,
Withdrawal,Credit Charge,Unimportant Item,Groceries,4.03,2/20/2026,,,
Withdrawal,Investments,Unimportant Item,Dining,4.02,12/14/2023,,,
Credit Payment,Credit Payment,Unimportant Item,,4.02,11/13/2025,,,
Withdrawal,Credit Charge,Unimportant Item,Groceries,4.01,7/4/2025,,,
Withdrawal,Credit Charge,Unimportant Item,Entertainment,4,4/26/2025,,,
Withdrawal,Investments,Unimportant Item,Dining,3.99,8/3/2023,,,
Withdrawal,Investments,Unimportant Item,Gas,3.99,9/30/2023,,,
Withdrawal,Credit Charge,Unimportant Item,Entertainment,3.99,11/8/2025,,,
Withdrawal,Credit Charge,Unimportant Item,Dining,3.98,8/27/2025,,,
Withdrawal,Investments,Unimportant Item,Dining,3.97,11/14/2023,,,
Withdrawal,Investments,Unimportant Item,Dining,3.97,4/12/2024,,,
Withdrawal,Credit Charge,Unimportant Item,Entertainment,3.96,12/27/2025,,,
Withdrawal,Investments,Unimportant Item,Misc,3.95,1/13/2024,,,
Withdrawal,Credit Charge,Unimportant Item,Dining,3.92,5/11/2025,,,
Withdrawal,Credit Charge,Unimportant Item,Groceries,3.92,12/17/2025,,,
Withdrawal,Investments,Unimportant Item,Dining,3.91,4/5/2024,,,
Withdrawal,Investments,Unimportant Item,Groceries,3.88,2/20/2024,,,
Withdrawal,Account 2,Unimportant Item,Dining,3.88,8/1/2024,,,
Withdrawal,Credit Charge,Unimportant Item,Dining,3.87,11/20/2025,,,
Withdrawal,Investments,Unimportant Item,Dining,3.86,10/14/2023,,,
Withdrawal,Credit Charge,Unimportant Item,Dining,3.84,12/3/2025,,,
Withdrawal,Investments,Unimportant Item,Groceries,3.83,11/24/2023,,,
Withdrawal,Investments,Unimportant Item,Dining,3.82,4/23/2024,,,
Withdrawal,Credit Charge,Unimportant Item,Dining,3.82,10/2/2024,,,
Deposit,Account 3,Unimportant Item,,3.8,2/4/2025,,,
Withdrawal,Investments,Unimportant Item,Misc,3.79,11/1/2023,,,
Withdrawal,Account 2,Unimportant Item,Dining,3.79,7/5/2024,,,
Withdrawal,Credit Charge,Unimportant Item,Groceries,3.79,4/25/2025,,,
Withdrawal,Investments,Unimportant Item,Dining,3.73,11/14/2023,,,
Withdrawal,Credit Charge,Unimportant Item,Dining,3.72,1/10/2025,,,
Withdrawal,Account 2,Unimportant Item,Misc,3.71,8/2/2024,,,
Withdrawal,Credit Charge,Unimportant Item,Dining,3.71,4/5/2025,,,
Withdrawal,Investments,Unimportant Item,Groceries,3.7,4/22/2024,,,
Withdrawal,Investments,Unimportant Item,Dining,3.68,4/18/2024,,,
Withdrawal,Investments,Unimportant Item,Travel,3.67,1/12/2024,,,
Withdrawal,Credit Charge,Unimportant Item,Misc,3.67,9/6/2025,,,
Withdrawal,Account 2,Unimportant Item,Dining,3.65,7/18/2024,,,
Withdrawal,Investments,Unimportant Item,Groceries,3.64,11/1/2023,,,
Withdrawal,Account 2,Unimportant Item,Misc,3.64,7/26/2024,,,
Withdrawal,Credit Charge,Unimportant Item,Dining,3.64,2/22/2025,,,
Withdrawal,Investments,Unimportant Item,Misc,3.61,5/4/2024,,,
Withdrawal,Investments,Unimportant Item,Entertainment,3.61,8/11/2024,,,
Withdrawal,Credit Charge,Unimportant Item,Dining,3.6,7/6/2025,,,
Withdrawal,Investments,Unimportant Item,Groceries,3.55,11/10/2023,,,
Withdrawal,Investments,Unimportant Item,Dining,3.5,4/13/2024,,,
Withdrawal,Credit Charge,Unimportant Item,Dining,3.5,9/2/2025,,,
Withdrawal,Credit Charge,Unimportant Item,Dining,3.49,10/5/2025,,,
Withdrawal,Investments,Unimportant Item,Shopping,3.47,3/30/2024,,,
Withdrawal,Credit Charge,Unimportant Item,Dining,3.45,5/1/2025,,,
Transfer,Account 1,Investments,,3.43,3/31/2024,,,
Withdrawal,Account 2,Unimportant Item,Groceries,3.41,7/19/2024,,,
Withdrawal,Credit Charge,Unimportant Item,Entertainment,3.41,7/14/2025,,,
Withdrawal,Investments,Unimportant Item,Gas,3.39,5/5/2024,,,
Withdrawal,Credit Charge,Unimportant Item,Misc,3.39,1/7/2026,,,
Withdrawal,Investments,Unimportant Item,Dining,3.38,5/16/2024,,,
Withdrawal,Investments,Unimportant Item,Travel,3.37,1/22/2024,,,
Withdrawal,Investments,Unimportant Item,Dining,3.35,6/3/2024,,,
Withdrawal,Investments,Unimportant Item,Entertainment,3.34,9/7/2023,,,
Withdrawal,Credit Charge,Unimportant Item,Dining,3.34,3/28/2025,,,
Withdrawal,Account 2,Unimportant Item,Gas,3.33,6/30/2024,,,
Withdrawal,Investments,Unimportant Item,Dining,3.31,12/28/2023,,,
Withdrawal,Account 2,Unimportant Item,Dining,3.31,7/20/2025,,,
Withdrawal,Investments,Unimportant Item,Groceries,3.3,9/4/2023,,,
Withdrawal,Investments,Unimportant Item,Gas,3.29,2/3/2024,,,
Withdrawal,Account 2,Unimportant Item,Health,3.29,6/8/2024,,,
Withdrawal,Investments,Unimportant Item,Dining,3.28,11/28/2023,,,
Withdrawal,Investments,Unimportant Item,Entertainment,3.27,1/14/2024,,,
Withdrawal,Account 2,Unimportant Item,Entertainment,3.27,7/31/2024,,,
Withdrawal,Credit Charge,Unimportant Item,Groceries,3.26,11/28/2025,,,
Withdrawal,Account 2,Unimportant Item,Travel,3.23,10/21/2024,,,
Withdrawal,Credit Charge,Unimportant Item,Dining,3.23,11/22/2025,,,
Withdrawal,Account 2,Unimportant Item,Groceries,3.22,7/24/2024,,,
Withdrawal,Investments,Unimportant Item,Groceries,3.21,11/7/2023,,,
Withdrawal,Account 2,Unimportant Item,Dining,3.21,7/6/2024,,,
Withdrawal,Account 2,Unimportant Item,Travel,3.2,1/20/2025,,,
Withdrawal,Credit Charge,Unimportant Item,Dining,3.2,2/19/2025,,,
Withdrawal,Credit Charge,Unimportant Item,Entertainment,3.18,9/20/2025,,,
Withdrawal,Investments,Unimportant Item,Dining,3.17,4/11/2024,,,
Withdrawal,Credit Charge,Unimportant Item,Groceries,3.16,12/20/2025,,,
Withdrawal,Investments,Unimportant Item,Dining,3.14,9/24/2023,,,
Withdrawal,Credit Charge,Unimportant Item,Groceries,3.14,8/8/2025,,,
Withdrawal,Credit Charge,Unimportant Item,Entertainment,3.13,1/11/2026,,,
Withdrawal,Investments,Unimportant Item,Dining,3.11,9/2/2023,,,
Withdrawal,Investments,Unimportant Item,Dining,3.11,2/14/2024,,,
Withdrawal,Credit Charge,Unimportant Item,Dining,3.1,10/20/2025,,,
Withdrawal,Investments,Unimportant Item,Dining,3.09,9/25/2023,,,
Withdrawal,Credit Charge,Unimportant Item,Dining,3.09,7/1/2025,,,
Withdrawal,Credit Charge,Unimportant Item,Dining,3.08,3/15/2026,,,
Deposit,Investments,Unimportant Item,,3.01,6/23/2024,,,
Withdrawal,Investments,Unimportant Item,Dining,2.99,10/10/2023,,,
Withdrawal,Investments,Unimportant Item,Dining,2.98,5/15/2024,,,
Withdrawal,Account 2,Unimportant Item,Dining,2.98,8/3/2024,,,
Withdrawal,Investments,Unimportant Item,Groceries,2.97,2/25/2024,,,
Withdrawal,Credit Charge,Unimportant Item,Travel,2.95,1/5/2025,,,
Withdrawal,Credit Charge,Unimportant Item,Travel,2.95,1/30/2025,,,
Withdrawal,Credit Charge,Unimportant Item,Misc,2.95,6/14/2025,,,
Withdrawal,Credit Charge,Unimportant Item,Groceries,2.94,9/13/2025,,,
Withdrawal,Credit Charge,Unimportant Item,Dining,2.92,2/3/2025,,,
Withdrawal,Investments,Unimportant Item,Dining,2.91,4/3/2024,,,
Withdrawal,Investments,Unimportant Item,Travel,2.89,1/12/2024,,,
Withdrawal,Credit Charge,Unimportant Item,Groceries,2.89,12/16/2024,,,
Withdrawal,Credit Charge,Unimportant Item,Misc,2.89,5/13/2025,,,
Withdrawal,Credit Charge,Unimportant Item,Groceries,2.89,7/2/2025,,,
Transfer,Account 1,Investments,,2.88,10/4/2023,,,
Withdrawal,Credit Charge,Unimportant Item,Travel,2.87,1/22/2025,,,
Withdrawal,Investments,Unimportant Item,Entertainment,2.86,9/20/2023,,,
Withdrawal,Investments,Unimportant Item,Dining,2.85,12/20/2023,,,
Withdrawal,Investments,Unimportant Item,Dining,2.85,5/24/2024,,,
Withdrawal,Investments,Unimportant Item,Entertainment,2.83,11/15/2023,,,
Withdrawal,Investments,Unimportant Item,Entertainment,2.83,5/8/2024,,,
Withdrawal,Investments,Unimportant Item,Dining,2.82,9/23/2023,,,
Transfer,Account 1,Investments,,2.81,1/9/2024,,,
Withdrawal,Investments,Unimportant Item,Dining,2.78,12/11/2023,,,
Withdrawal,Investments,Unimportant Item,Dining,2.77,8/28/2023,,,
Withdrawal,Investments,Unimportant Item,Groceries,2.77,11/30/2023,,,
Withdrawal,Investments,Unimportant Item,Dining,2.77,5/28/2024,,,
Withdrawal,Credit Charge,Unimportant Item,Misc,2.77,6/22/2025,,,
Transfer,Account 1,Investments,,2.77,10/1/2023,,,
Withdrawal,Investments,Unimportant Item,Misc,2.76,12/18/2023,,,
Withdrawal,Credit Charge,Unimportant Item,Entertainment,2.75,11/21/2025,,,
Withdrawal,Investments,Unimportant Item,Travel,2.74,1/29/2024,,,
Withdrawal,Credit Charge,Unimportant Item,Misc,2.74,12/3/2025,,,
Withdrawal,Credit Charge,Unimportant Item,Dining,2.71,6/21/2025,,,
Withdrawal,Investments,Unimportant Item,Dining,2.7,9/13/2023,,,
Withdrawal,Investments,Unimportant Item,Dining,2.69,3/24/2024,,,
Withdrawal,Investments,Unimportant Item,Gas,2.67,5/20/2024,,,
Withdrawal,Account 2,Unimportant Item,Groceries,2.67,7/23/2024,,,
Withdrawal,Credit Charge,Unimportant Item,Shopping,2.66,8/15/2024,,,
Withdrawal,Credit Charge,Unimportant Item,Groceries,2.66,4/27/2025,,,
Deposit,Account 2,Unimportant Item,,2.65,11/22/2025,,,
Deposit,Investments,Unimportant Item,,2.63,12/14/2023,,,
Withdrawal,Investments,Unimportant Item,Groceries,2.61,9/8/2023,,,
Withdrawal,Credit Charge,Unimportant Item,Entertainment,2.61,12/17/2025,,,
Withdrawal,Credit Charge,Unimportant Item,Entertainment,2.6,3/24/2026,,,
Withdrawal,Investments,Unimportant Item,Entertainment,2.59,5/5/2024,,,
Withdrawal,Account 2,Unimportant Item,Groceries,2.59,6/22/2024,,,
Withdrawal,Credit Charge,Unimportant Item,Entertainment,2.59,11/5/2025,,,
Withdrawal,Account 2,Unimportant Item,Entertainment,2.57,9/2/2024,,,
Withdrawal,Account 2,Unimportant Item,Groceries,2.56,6/1/2025,,,
Withdrawal,Credit Charge,Unimportant Item,Entertainment,2.54,7/29/2025,,,
Transfer,Account 2,Account 3,,2.54,4/5/2024,,,
Withdrawal,Investments,Unimportant Item,Groceries,2.52,3/27/2024,,,
Withdrawal,Credit Charge,Unimportant Item,Dining,2.52,3/17/2026,,,
Withdrawal,Investments,Unimportant Item,Dining,2.51,4/29/2024,,,
Withdrawal,Credit Charge,Unimportant Item,Misc,2.51,2/5/2026,,,
Withdrawal,Credit Charge,Unimportant Item,Misc,2.5,8/18/2025,,,
Withdrawal,Investments,Unimportant Item,Dining,2.49,12/17/2023,,,
Withdrawal,Credit Charge,Unimportant Item,Dining,2.47,2/26/2025,,,
Deposit,Investments,Unimportant Item,,2.46,7/13/2025,,,
Withdrawal,Credit Charge,Unimportant Item,Dining,2.45,5/3/2025,,,
Withdrawal,Investments,Unimportant Item,Dining,2.44,9/23/2023,,,
Withdrawal,Investments,Unimportant Item,Dining,2.44,6/2/2024,,,
Withdrawal,Investments,Unimportant Item,Dining,2.43,8/23/2023,,,
Withdrawal,Investments,Unimportant Item,Misc,2.43,11/12/2023,,,
Withdrawal,Account 2,Unimportant Item,Groceries,2.42,7/5/2024,,,
Withdrawal,Investments,Unimportant Item,Dining,2.41,10/19/2023,,,
Withdrawal,Credit Charge,Unimportant Item,Misc,2.37,12/8/2025,,,
Withdrawal,Investments,Unimportant Item,Entertainment,2.36,2/23/2024,,,
Withdrawal,Credit Charge,Unimportant Item,Dining,2.35,1/11/2025,,,
Withdrawal,Investments,Unimportant Item,Dining,2.34,10/27/2023,,,
Withdrawal,Account 2,Unimportant Item,Dining,2.34,7/2/2024,,,
Withdrawal,Investments,Unimportant Item,Dining,2.32,4/5/2024,,,
Withdrawal,Credit Charge,Unimportant Item,Dining,2.32,5/31/2025,,,
Withdrawal,Credit Charge,Unimportant Item,Dining,2.32,7/29/2025,,,
Withdrawal,Investments,Unimportant Item,Dining,2.29,8/14/2023,,,
Withdrawal,Investments,Unimportant Item,Dining,2.29,3/15/2024,,,
Withdrawal,Investments,Unimportant Item,Gas,2.28,9/29/2023,,,
Withdrawal,Investments,Unimportant Item,Dining,2.28,10/24/2023,,,
Withdrawal,Account 2,Unimportant Item,Dining,2.28,7/26/2024,,,
Withdrawal,Investments,Unimportant Item,Dining,2.27,3/7/2024,,,
Withdrawal,Credit Charge,Unimportant Item,Misc,2.27,9/3/2025,,,
Withdrawal,Credit Charge,Unimportant Item,Groceries,2.25,6/9/2025,,,
Withdrawal,Credit Charge,Unimportant Item,Travel,2.25,7/9/2025,,,
Withdrawal,Investments,Unimportant Item,Groceries,2.23,3/26/2024,,,
Withdrawal,Account 2,Unimportant Item,Misc,2.23,6/5/2024,,,
Withdrawal,Investments,Unimportant Item,Groceries,2.22,1/22/2024,,,
Withdrawal,Investments,Unimportant Item,Dining,2.2,2/5/2024,,,
Withdrawal,Credit Charge,Unimportant Item,Dining,2.2,9/24/2024,,,
Withdrawal,Credit Charge,Unimportant Item,Groceries,2.2,6/2/2025,,,
Withdrawal,Credit Charge,Unimportant Item,Travel,2.2,7/10/2025,,,
Withdrawal,Account 2,Unimportant Item,Groceries,2.14,7/30/2024,,,
Withdrawal,Account 2,Unimportant Item,Dining,2.14,1/18/2025,,,
Withdrawal,Investments,Unimportant Item,Dining,2.13,1/11/2024,,,
Withdrawal,Investments,Unimportant Item,Dining,2.13,4/28/2024,,,
Withdrawal,Account 2,Unimportant Item,Entertainment,2.13,6/29/2024,,,
Withdrawal,Credit Charge,Unimportant Item,Travel,2.12,2/8/2025,,,
Withdrawal,Credit Charge,Unimportant Item,Dining,2.12,12/17/2025,,,
Withdrawal,Credit Charge,Unimportant Item,Entertainment,2.1,11/1/2025,,,
Withdrawal,Investments,Unimportant Item,Dining,2.09,1/28/2024,,,
Withdrawal,Investments,Unimportant Item,Dining,2.08,3/7/2024,,,
Withdrawal,Credit Charge,Unimportant Item,Entertainment,2.07,3/25/2025,,,
Withdrawal,Investments,Unimportant Item,Entertainment,2.06,8/8/2023,,,
Withdrawal,Investments,Unimportant Item,Dining,2.06,10/3/2023,,,
Withdrawal,Investments,Unimportant Item,Dining,2.04,10/25/2023,,,
Withdrawal,Investments,Unimportant Item,Dining,2.04,1/24/2024,,,
Withdrawal,Account 2,Unimportant Item,Travel,2.04,1/31/2025,,,
Withdrawal,Investments,Unimportant Item,Dining,2.03,9/3/2023,,,
Withdrawal,Credit Charge,Unimportant Item,Dining,2.02,3/2/2025,,,
Withdrawal,Credit Charge,Unimportant Item,Dining,2.01,8/25/2024,,,
Withdrawal,Investments,Unimportant Item,Dining,1.98,4/21/2024,,,
Withdrawal,Investments,Unimportant Item,Dining,1.97,11/2/2023,,,
Withdrawal,Investments,Unimportant Item,Entertainment,1.97,6/20/2024,,,
Withdrawal,Investments,Unimportant Item,Dining,1.96,10/10/2023,,,
Withdrawal,Investments,Unimportant Item,Entertainment,1.96,12/22/2023,,,
Withdrawal,Investments,Unimportant Item,Travel,1.96,1/3/2024,,,
Withdrawal,Account 2,Unimportant Item,Dining,1.95,7/9/2024,,,
Withdrawal,Account 2,Unimportant Item,Groceries,1.93,7/3/2024,,,
Withdrawal,Credit Charge,Unimportant Item,Groceries,1.92,9/29/2025,,,
Withdrawal,Investments,Unimportant Item,Dining,1.91,12/12/2023,,,
Withdrawal,Credit Charge,Unimportant Item,Entertainment,1.88,3/1/2025,,,
Withdrawal,Investments,Unimportant Item,Dining,1.87,12/8/2023,,,
Withdrawal,Investments,Unimportant Item,Dining,1.87,1/29/2024,,,
Withdrawal,Investments,Unimportant Item,Dining,1.86,11/28/2023,,,
Withdrawal,Credit Charge,Unimportant Item,Misc,1.85,7/31/2025,,,
Withdrawal,Investments,Unimportant Item,Dining,1.84,9/7/2023,,,
Withdrawal,Investments,Unimportant Item,Groceries,1.84,11/23/2023,,,
Withdrawal,Account 2,Unimportant Item,Gas,1.83,7/15/2024,,,
Withdrawal,Credit Charge,Unimportant Item,Travel,1.83,2/6/2025,,,
Withdrawal,Investments,Unimportant Item,Dining,1.81,11/3/2023,,,
Withdrawal,Investments,Unimportant Item,Gas,1.8,8/19/2023,,,
Withdrawal,Investments,Unimportant Item,Entertainment,1.79,1/17/2024,,,
Withdrawal,Investments,Unimportant Item,Dining,1.79,2/12/2024,,,
Withdrawal,Investments,Unimportant Item,Dining,1.79,4/23/2024,,,
Withdrawal,Credit Charge,Unimportant Item,Entertainment,1.79,12/10/2025,,,
Withdrawal,Investments,Unimportant Item,Dining,1.78,10/4/2023,,,
Withdrawal,Investments,Unimportant Item,Entertainment,1.78,7/10/2024,,,
Withdrawal,Credit Charge,Unimportant Item,Travel,1.78,7/5/2025,,,
Withdrawal,Investments,Unimportant Item,Dining,1.77,3/8/2024,,,
Deposit,Account 1,Unimportant Item,,1.77,1/25/2024,,,
Withdrawal,Credit Charge,Unimportant Item,Groceries,1.74,3/17/2026,,,
Withdrawal,Investments,Unimportant Item,Dining,1.73,10/25/2023,,,
Transfer,Account 1,Investments,,1.73,3/13/2024,,,
Withdrawal,Credit Charge,Unimportant Item,Travel,1.7,1/21/2025,,,
Credit Payment,Credit Payment,Unimportant Item,,1.7,9/13/2025,,,
Withdrawal,Account 2,Unimportant Item,Dining,1.68,7/2/2024,,,
Withdrawal,Investments,Unimportant Item,Dining,1.67,5/5/2024,,,
Withdrawal,Investments,Unimportant Item,Misc,1.66,11/26/2023,,,
Withdrawal,Investments,Unimportant Item,Dining,1.66,12/9/2023,,,
Withdrawal,Investments,Unimportant Item,Dining,1.65,3/20/2024,,,
Withdrawal,Investments,Unimportant Item,Travel,1.63,12/30/2023,,,
Withdrawal,Investments,Unimportant Item,Groceries,1.61,4/12/2024,,,
Withdrawal,Account 2,Unimportant Item,Misc,1.61,3/10/2026,,,
Withdrawal,Investments,Unimportant Item,Dining,1.6,5/4/2024,,,
Withdrawal,Investments,Unimportant Item,Groceries,1.59,12/8/2023,,,
Withdrawal,Investments,Unimportant Item,Dining,1.59,4/15/2024,,,
Withdrawal,Account 2,Unimportant Item,Travel,1.59,10/5/2024,,,
Withdrawal,Credit Charge,Unimportant Item,Dining,1.56,4/15/2025,,,
Withdrawal,Investments,Unimportant Item,Dining,1.54,11/10/2023,,,
Withdrawal,Investments,Unimportant Item,Dining,1.53,3/12/2024,,,
Withdrawal,Account 2,Unimportant Item,Misc,1.52,2/3/2025,,,
Withdrawal,Investments,Unimportant Item,Dining,1.51,12/3/2023,,,
Withdrawal,Credit Charge,Unimportant Item,Dining,1.49,2/20/2025,,,
Withdrawal,Investments,Unimportant Item,Dining,1.48,11/18/2023,,,
Transfer,Account 1,Investments,,1.48,9/23/2023,,,
Transfer,Account 1,Account 3,,1.48,3/26/2024,,,
Withdrawal,Investments,Unimportant Item,Dining,1.41,2/16/2024,,,
Withdrawal,Investments,Unimportant Item,Dining,1.4,11/8/2023,,,
Withdrawal,Investments,Unimportant Item,Groceries,1.4,11/17/2023,,,
Withdrawal,Investments,Unimportant Item,Dining,1.38,6/9/2024,,,
Withdrawal,Credit Charge,Unimportant Item,Dining,1.38,9/7/2025,,,
Deposit,Investments,Unimportant Item,,1.37,3/7/2024,,,
Withdrawal,Account 2,Unimportant Item,Dining,1.36,6/10/2025,,,
Withdrawal,Investments,Unimportant Item,Gas,1.35,10/13/2023,,,
Withdrawal,Credit Charge,Unimportant Item,Groceries,1.35,3/6/2026,,,
Withdrawal,Account 2,Unimportant Item,Travel,1.34,9/24/2024,,,
Withdrawal,Investments,Unimportant Item,Dining,1.32,10/30/2023,,,
Withdrawal,Investments,Unimportant Item,Dining,1.32,1/4/2024,,,
Withdrawal,Investments,Unimportant Item,Dining,1.31,5/10/2024,,,
Withdrawal,Investments,Unimportant Item,Dining,1.31,5/26/2024,,,
Withdrawal,Investments,Unimportant Item,Dining,1.28,10/24/2023,,,
Withdrawal,Account 2,Unimportant Item,Groceries,1.28,7/14/2024,,,
Withdrawal,Investments,Unimportant Item,Dining,1.27,10/24/2023,,,
Withdrawal,Investments,Unimportant Item,Misc,1.24,4/10/2024,,,
Withdrawal,Account 2,Unimportant Item,Dining,1.22,7/3/2024,,,
Withdrawal,Account 2,Unimportant Item,Dining,1.22,8/5/2024,,,
Withdrawal,Investments,Unimportant Item,Dining,1.21,4/12/2024,,,
Withdrawal,Credit Charge,Unimportant Item,Entertainment,1.21,1/2/2025,,,
Withdrawal,Credit Charge,Unimportant Item,Misc,1.2,1/12/2025,,,
Withdrawal,Investments,Unimportant Item,Misc,1.19,12/19/2023,,,
Withdrawal,Investments,Unimportant Item,Dining,1.19,4/29/2024,,,
Withdrawal,Investments,Unimportant Item,Dining,1.18,9/21/2023,,,
Withdrawal,Credit Charge,Unimportant Item,Groceries,1.18,7/5/2025,,,
Withdrawal,Investments,Unimportant Item,Dining,1.17,5/7/2024,,,
Withdrawal,Credit Charge,Unimportant Item,Groceries,1.17,1/10/2026,,,
Withdrawal,Investments,Unimportant Item,Dining,1.16,8/20/2023,,,
Withdrawal,Credit Charge,Unimportant Item,Travel,1.16,1/27/2025,,,
Withdrawal,Investments,Unimportant Item,Groceries,1.15,5/21/2024,,,
Withdrawal,Investments,Unimportant Item,Groceries,1.15,5/31/2024,,,
Withdrawal,Investments,Unimportant Item,Dining,1.14,5/20/2024,,,
Withdrawal,Investments,Unimportant Item,Travel,1.12,12/30/2023,,,
Withdrawal,Account 2,Unimportant Item,Dining,1.12,6/29/2024,,,
Withdrawal,Credit Charge,Unimportant Item,Groceries,1.12,3/27/2025,,,
Withdrawal,Investments,Unimportant Item,Misc,1.1,11/9/2023,,,
Withdrawal,Credit Charge,Unimportant Item,Misc,1.08,1/9/2025,,,
Withdrawal,Credit Charge,Unimportant Item,Misc,1.08,7/7/2025,,,
Withdrawal,Investments,Unimportant Item,Dining,1.07,8/6/2023,,,
Withdrawal,Account 2,Unimportant Item,Misc,1.07,8/1/2024,,,
Transfer,Account 1,Investments,,1.07,12/1/2023,,,
Withdrawal,Investments,Unimportant Item,Dining,1.05,3/13/2024,,,
Withdrawal,Investments,Unimportant Item,Dining,1.04,10/30/2023,,,
Withdrawal,Investments,Unimportant Item,Entertainment,1.04,12/12/2023,,,
Withdrawal,Investments,Unimportant Item,Dining,1.04,5/29/2024,,,
Withdrawal,Credit Charge,Unimportant Item,Travel,0.99,2/1/2025,,,
Withdrawal,Investments,Unimportant Item,Dining,0.98,9/12/2023,,,
Withdrawal,Investments,Unimportant Item,Misc,0.95,11/11/2023,,,
Withdrawal,Investments,Unimportant Item,Dining,0.95,11/19/2023,,,
Withdrawal,Account 2,Unimportant Item,Dining,0.95,7/2/2024,,,
Withdrawal,Credit Charge,Unimportant Item,Misc,0.94,7/8/2025,,,
Withdrawal,Investments,Unimportant Item,Dining,0.93,2/13/2024,,,
Withdrawal,Account 2,Unimportant Item,Entertainment,0.93,1/26/2025,,,
Withdrawal,Investments,Unimportant Item,Groceries,0.91,10/17/2023,,,
Withdrawal,Investments,Unimportant Item,Groceries,0.89,12/13/2023,,,
Withdrawal,Account 2,Unimportant Item,Groceries,0.89,8/27/2024,,,
Withdrawal,Investments,Unimportant Item,Dining,0.87,11/23/2023,,,
Withdrawal,Investments,Unimportant Item,Groceries,0.85,4/28/2024,,,
Transfer,Account 1,Investments,,0.85,11/3/2023,,,
Withdrawal,Account 2,Unimportant Item,Dining,0.84,7/22/2024,,,
Withdrawal,Credit Charge,Unimportant Item,Shopping,0.83,3/9/2025,,,
Withdrawal,Investments,Unimportant Item,Misc,0.82,12/29/2023,,,
Deposit,Account 1,Unimportant Item,,0.82,4/7/2024,,,
Withdrawal,Investments,Unimportant Item,Misc,0.8,9/13/2023,,,
Withdrawal,Credit Charge,Unimportant Item,Entertainment,0.78,10/28/2025,,,
Withdrawal,Investments,Unimportant Item,Misc,0.77,4/25/2024,,,
Withdrawal,Credit Charge,Unimportant Item,Groceries,0.76,2/22/2026,,,
Withdrawal,Investments,Unimportant Item,Travel,0.73,1/9/2024,,,
Withdrawal,Credit Charge,Unimportant Item,Dining,0.68,6/11/2025,,,
Withdrawal,Investments,Unimportant Item,Dining,0.67,1/6/2024,,,
Withdrawal,Investments,Unimportant Item,Misc,0.67,2/15/2024,,,
Withdrawal,Account 2,Unimportant Item,Travel,0.67,10/25/2024,,,
Withdrawal,Credit Charge,Unimportant Item,Dining,0.67,10/8/2025,,,
Withdrawal,Investments,Unimportant Item,Travel,0.65,1/4/2024,,,
Deposit,Account 2,Unimportant Item,,0.63,6/20/2025,,,
Deposit,Account 1,Unimportant Item,,0.62,10/16/2023,,,
Withdrawal,Credit Charge,Unimportant Item,Dining,0.6,5/1/2025,,,
Withdrawal,Investments,Unimportant Item,Travel,0.59,1/26/2024,,,
Transfer,Investments,Account 1,,0.59,8/7/2023,,,
Withdrawal,Credit Charge,Unimportant Item,Dining,0.58,3/8/2026,,,
Withdrawal,Investments,Unimportant Item,Dining,0.57,2/21/2024,,,
Withdrawal,Credit Charge,Unimportant Item,Travel,0.56,8/2/2025,,,
Withdrawal,Investments,Unimportant Item,Groceries,0.51,11/1/2023,,,
Withdrawal,Investments,Unimportant Item,Groceries,0.5,12/3/2023,,,
Withdrawal,Investments,Unimportant Item,Groceries,0.49,8/26/2023,,,
Withdrawal,Investments,Unimportant Item,Groceries,0.42,9/18/2023,,,
Withdrawal,Credit Charge,Unimportant Item,Dining,0.38,11/22/2024,,,
Withdrawal,Investments,Unimportant Item,Entertainment,0.31,12/12/2023,,,
Deposit,Investments,Unimportant Item,,0.31,6/22/2023,,,
Withdrawal,Investments,Unimportant Item,Shopping,0.28,8/15/2023,,,
Deposit,Account 1,Unimportant Item,,0.25,7/6/2024,,,
Withdrawal,Credit Charge,Unimportant Item,Groceries,0.2,11/13/2024,,,
Withdrawal,Credit Charge,Unimportant Item,Travel,0.17,7/20/2025,,,
Withdrawal,Investments,Unimportant Item,Misc,0.11,9/5/2023,,,
Withdrawal,Credit Charge,Unimportant Item,Groceries,0.02,3/13/2026,,,
Withdrawal,Investments,Unimportant Item,Travel,0.01,12/13/2023,,,
Deposit,Investments,Unimportant Item,,0.01,8/16/2023,,,
Deposit,Account 1,Unimportant Item,,0.01,12/25/2023,,,
Deposit,Account 1,Unimportant Item,,0.01,10/11/2024,,,
Deposit,Account 1,Unimportant Item,,0.01,1/30/2025,,,
Deposit,Account 1,Unimportant Item,,0.01,4/29/2025,,,
Deposit,Account 2,Unimportant Item,,0.01,7/20/2025,,,
Deposit,Account 1,Unimportant Item,,0.01,8/3/2025,,,
Deposit,Account 1,Unimportant Item,,0.01,11/3/2025,,,
Transfer,Investments,Account 1,,0.01,8/2/2023,,,
Deposit,Account 2,Unimportant Item,,0,6/18/2024,,,
Deposit,Account 3,Unimportant Item,,0,6/23/2024,,,
